User_ID,User_Type,Category,Ingredient,Quantity,Purchase_Date,Expiry_Date,Used_Date,Status,Waste_Score
1,Wasteful,Meat,Chicken,2,2025-01-01,2025-01-03,,Wasted,3.0
1,Wasteful,Grains,Rice,2,2025-01-02,2025-02-25,2025-02-20,Used,1.6
1,Wasteful,Meat,Chicken,1,2025-01-03,2025-01-06,2025-01-05,Used,1.5
1,Wasteful,Fruits,Banana,4,2025-01-04,2025-01-08,2025-01-05,Used,4.4
1,Wasteful,Dairy,Cheese,1,2025-01-05,2025-01-12,,Wasted,1.3
1,Wasteful,Grains,Wheat,5,2025-01-06,2025-03-28,2025-01-19,Used,4.0
1,Wasteful,Vegetables,Potato,1,2025-01-07,2025-01-21,2025-01-18,Used,1.2
1,Wasteful,Dairy,Cheese,4,2025-01-08,2025-01-15,2025-01-12,Used,5.2
1,Wasteful,Fruits,Apple,3,2025-01-09,2025-01-19,,Wasted,3.3
1,Wasteful,Grains,Wheat,1,2025-01-10,2025-04-05,,Wasted,0.8
1,Wasteful,Dairy,Milk,1,2025-01-11,2025-01-16,,Wasted,1.3
1,Wasteful,Meat,Fish,2,2025-01-12,2025-01-14,,Wasted,3.0
1,Wasteful,Vegetables,Potato,4,2025-01-13,2025-01-24,2025-01-18,Used,4.8
1,Wasteful,Grains,Wheat,3,2025-01-14,2025-03-05,,Wasted,2.4
1,Wasteful,Meat,Fish,4,2025-01-15,2025-01-17,2025-01-16,Used,6.0
1,Wasteful,Grains,Rice,5,2025-01-16,2025-02-16,,Wasted,4.0
1,Wasteful,Meat,Chicken,2,2025-01-17,2025-01-20,2025-01-19,Used,3.0
1,Wasteful,Dairy,Cheese,3,2025-01-18,2025-02-01,2025-01-28,Used,3.9
1,Wasteful,Fruits,Banana,1,2025-01-19,2025-01-21,2025-01-21,Used,1.1
1,Wasteful,Fruits,Apple,3,2025-01-20,2025-01-31,,Wasted,3.3
1,Wasteful,Meat,Fish,1,2025-01-21,2025-01-23,,Wasted,1.5
1,Wasteful,Fruits,Apple,3,2025-01-22,2025-02-03,,Wasted,3.3
1,Wasteful,Meat,Chicken,4,2025-01-23,2025-01-26,,Wasted,6.0
1,Wasteful,Vegetables,Tomato,4,2025-01-24,2025-01-29,2025-01-25,Used,4.8
1,Wasteful,Grains,Rice,5,2025-01-25,2025-03-04,2025-02-11,Used,4.0
1,Wasteful,Meat,Chicken,2,2025-01-26,2025-01-28,,Wasted,3.0
1,Wasteful,Fruits,Apple,5,2025-01-27,2025-02-06,2025-02-02,Used,5.5
1,Wasteful,Meat,Chicken,1,2025-01-28,2025-01-31,2025-01-28,Used,1.5
1,Wasteful,Dairy,Cheese,1,2025-01-29,2025-02-06,2025-02-04,Used,1.3
1,Wasteful,Meat,Fish,1,2025-01-30,2025-01-31,2025-01-30,Used,1.5
2,Wasteful,Meat,Chicken,3,2025-01-01,2025-01-04,2025-01-03,Used,4.5
2,Wasteful,Vegetables,Tomato,2,2025-01-02,2025-01-05,2025-01-05,Used,2.4
2,Wasteful,Grains,Rice,1,2025-01-03,2025-03-03,,Wasted,0.8
2,Wasteful,Vegetables,Tomato,1,2025-01-04,2025-01-08,,Wasted,1.2
2,Wasteful,Dairy,Cheese,1,2025-01-05,2025-01-14,2025-01-14,Used,1.3
2,Wasteful,Dairy,Cheese,3,2025-01-06,2025-01-17,2025-01-09,Used,3.9
2,Wasteful,Fruits,Apple,1,2025-01-07,2025-01-14,2025-01-10,Used,1.1
2,Wasteful,Grains,Rice,1,2025-01-08,2025-03-02,2025-02-07,Used,0.8
2,Wasteful,Grains,Rice,4,2025-01-09,2025-03-10,,Wasted,3.2
2,Wasteful,Fruits,Apple,4,2025-01-10,2025-01-18,2025-01-16,Used,4.4
2,Wasteful,Grains,Rice,3,2025-01-11,2025-02-10,,Wasted,2.4
2,Wasteful,Meat,Chicken,3,2025-01-12,2025-01-14,2025-01-13,Used,4.5
2,Wasteful,Grains,Wheat,4,2025-01-13,2025-04-12,2025-02-05,Used,3.2
2,Wasteful,Grains,Wheat,4,2025-01-14,2025-04-06,2025-02-09,Used,3.2
2,Wasteful,Fruits,Banana,2,2025-01-15,2025-01-19,2025-01-18,Used,2.2
2,Wasteful,Fruits,Banana,5,2025-01-16,2025-01-18,2025-01-18,Used,5.5
2,Wasteful,Meat,Chicken,1,2025-01-17,2025-01-20,,Wasted,1.5
2,Wasteful,Dairy,Cheese,5,2025-01-18,2025-01-31,2025-01-30,Used,6.5
2,Wasteful,Fruits,Apple,2,2025-01-19,2025-02-01,,Wasted,2.2
2,Wasteful,Meat,Fish,4,2025-01-20,2025-01-21,2025-01-20,Used,6.0
2,Wasteful,Meat,Chicken,3,2025-01-21,2025-01-24,,Wasted,4.5
2,Wasteful,Meat,Fish,1,2025-01-22,2025-01-24,,Wasted,1.5
2,Wasteful,Grains,Wheat,1,2025-01-23,2025-03-15,,Wasted,0.8
2,Wasteful,Grains,Wheat,2,2025-01-24,2025-03-18,2025-03-13,Used,1.6
2,Wasteful,Fruits,Apple,1,2025-01-25,2025-02-01,2025-01-25,Used,1.1
2,Wasteful,Vegetables,Tomato,3,2025-01-26,2025-01-31,2025-01-29,Used,3.6
2,Wasteful,Fruits,Apple,3,2025-01-27,2025-02-07,2025-01-30,Used,3.3
2,Wasteful,Meat,Chicken,2,2025-01-28,2025-01-31,2025-01-30,Used,3.0
2,Wasteful,Vegetables,Potato,1,2025-01-29,2025-02-14,2025-02-05,Used,1.2
2,Wasteful,Vegetables,Tomato,5,2025-01-30,2025-02-05,2025-02-03,Used,6.0
3,Careful,Meat,Chicken,1,2025-01-01,2025-01-04,,Wasted,1.5
3,Careful,Vegetables,Tomato,4,2025-01-02,2025-01-09,2025-01-08,Used,4.8
3,Careful,Meat,Chicken,2,2025-01-03,2025-01-06,2025-01-05,Used,3.0
3,Careful,Fruits,Banana,5,2025-01-04,2025-01-08,2025-01-05,Used,5.5
3,Careful,Meat,Chicken,3,2025-01-05,2025-01-07,2025-01-07,Used,4.5
3,Careful,Dairy,Cheese,5,2025-01-06,2025-01-18,2025-01-12,Used,6.5
3,Careful,Grains,Wheat,3,2025-01-07,2025-03-09,,Wasted,2.4
3,Careful,Dairy,Milk,1,2025-01-08,2025-01-13,2025-01-11,Used,1.3
3,Careful,Dairy,Cheese,4,2025-01-09,2025-01-22,2025-01-19,Used,5.2
3,Careful,Grains,Wheat,5,2025-01-10,2025-04-02,2025-02-10,Used,4.0
3,Careful,Meat,Fish,2,2025-01-11,2025-01-12,2025-01-12,Used,3.0
3,Careful,Meat,Chicken,3,2025-01-12,2025-01-15,2025-01-13,Used,4.5
3,Careful,Vegetables,Potato,5,2025-01-13,2025-01-25,2025-01-20,Used,6.0
3,Careful,Meat,Fish,4,2025-01-14,2025-01-15,2025-01-15,Used,6.0
3,Careful,Meat,Fish,5,2025-01-15,2025-01-16,2025-01-16,Used,7.5
3,Careful,Fruits,Apple,4,2025-01-16,2025-01-27,2025-01-17,Used,4.4
3,Careful,Vegetables,Potato,2,2025-01-17,2025-02-01,2025-01-22,Used,2.4
3,Careful,Grains,Wheat,1,2025-01-18,2025-02-28,2025-02-02,Used,0.8
3,Careful,Grains,Rice,2,2025-01-19,2025-02-23,2025-01-28,Used,1.6
3,Careful,Dairy,Cheese,5,2025-01-20,2025-02-01,2025-01-21,Used,6.5
3,Careful,Grains,Wheat,3,2025-01-21,2025-04-01,2025-03-18,Used,2.4
3,Careful,Grains,Wheat,3,2025-01-22,2025-02-24,2025-01-28,Used,2.4
3,Careful,Dairy,Cheese,3,2025-01-23,2025-02-04,2025-01-23,Used,3.9
3,Careful,Fruits,Banana,1,2025-01-24,2025-01-28,,Wasted,1.1
3,Careful,Grains,Rice,3,2025-01-25,2025-03-13,2025-02-03,Used,2.4
3,Careful,Fruits,Apple,2,2025-01-26,2025-02-07,2025-01-27,Used,2.2
3,Careful,Fruits,Apple,5,2025-01-27,2025-02-06,,Wasted,5.5
3,Careful,Vegetables,Tomato,4,2025-01-28,2025-02-03,2025-02-01,Used,4.8
3,Careful,Grains,Wheat,1,2025-01-29,2025-04-05,2025-03-22,Used,0.8
3,Careful,Dairy,Cheese,1,2025-01-30,2025-02-11,2025-02-04,Used,1.3
4,Wasteful,Vegetables,Potato,3,2025-01-01,2025-01-16,,Wasted,3.6
4,Wasteful,Dairy,Milk,5,2025-01-02,2025-01-06,,Wasted,6.5
4,Wasteful,Fruits,Apple,1,2025-01-03,2025-01-12,2025-01-10,Used,1.1
4,Wasteful,Meat,Chicken,5,2025-01-04,2025-01-07,,Wasted,7.5
4,Wasteful,Dairy,Cheese,5,2025-01-05,2025-01-12,,Wasted,6.5
4,Wasteful,Dairy,Milk,5,2025-01-06,2025-01-11,2025-01-10,Used,6.5
4,Wasteful,Grains,Wheat,4,2025-01-07,2025-03-24,,Wasted,3.2
4,Wasteful,Meat,Fish,3,2025-01-08,2025-01-10,,Wasted,4.5
4,Wasteful,Fruits,Apple,3,2025-01-09,2025-01-22,,Wasted,3.3
4,Wasteful,Fruits,Apple,2,2025-01-10,2025-01-23,,Wasted,2.2
4,Wasteful,Dairy,Cheese,5,2025-01-11,2025-01-21,,Wasted,6.5
4,Wasteful,Grains,Wheat,4,2025-01-12,2025-02-11,2025-01-24,Used,3.2
4,Wasteful,Grains,Wheat,1,2025-01-13,2025-03-19,,Wasted,0.8
4,Wasteful,Vegetables,Tomato,2,2025-01-14,2025-01-18,,Wasted,2.4
4,Wasteful,Dairy,Cheese,3,2025-01-15,2025-01-27,,Wasted,3.9
4,Wasteful,Meat,Chicken,2,2025-01-16,2025-01-19,2025-01-17,Used,3.0
4,Wasteful,Dairy,Milk,2,2025-01-17,2025-01-20,,Wasted,2.6
4,Wasteful,Dairy,Cheese,4,2025-01-18,2025-01-30,2025-01-24,Used,5.2
4,Wasteful,Grains,Wheat,2,2025-01-19,2025-04-18,2025-01-22,Used,1.6
4,Wasteful,Vegetables,Tomato,3,2025-01-20,2025-01-26,,Wasted,3.6
4,Wasteful,Fruits,Banana,3,2025-01-21,2025-01-26,2025-01-24,Used,3.3
4,Wasteful,Vegetables,Potato,1,2025-01-22,2025-02-08,2025-02-08,Used,1.2
4,Wasteful,Meat,Fish,2,2025-01-23,2025-01-24,2025-01-24,Used,3.0
4,Wasteful,Meat,Chicken,3,2025-01-24,2025-01-26,2025-01-25,Used,4.5
4,Wasteful,Grains,Wheat,5,2025-01-25,2025-04-07,,Wasted,4.0
4,Wasteful,Vegetables,Tomato,5,2025-01-26,2025-02-01,2025-01-29,Used,6.0
4,Wasteful,Dairy,Cheese,3,2025-01-27,2025-02-07,,Wasted,3.9
4,Wasteful,Meat,Fish,3,2025-01-28,2025-01-29,,Wasted,4.5
4,Wasteful,Vegetables,Tomato,4,2025-01-29,2025-02-04,,Wasted,4.8
4,Wasteful,Meat,Fish,2,2025-01-30,2025-02-01,2025-01-31,Used,3.0
5,Wasteful,Dairy,Cheese,5,2025-01-01,2025-01-14,2025-01-09,Used,6.5
5,Wasteful,Vegetables,Potato,1,2025-01-02,2025-01-12,,Wasted,1.2
5,Wasteful,Fruits,Apple,2,2025-01-03,2025-01-17,2025-01-05,Used,2.2
5,Wasteful,Dairy,Cheese,4,2025-01-04,2025-01-18,2025-01-12,Used,5.2
5,Wasteful,Grains,Wheat,5,2025-01-05,2025-02-06,2025-01-17,Used,4.0
5,Wasteful,Grains,Wheat,2,2025-01-06,2025-03-07,,Wasted,1.6
5,Wasteful,Meat,Chicken,5,2025-01-07,2025-01-09,,Wasted,7.5
5,Wasteful,Vegetables,Tomato,2,2025-01-08,2025-01-14,,Wasted,2.4
5,Wasteful,Vegetables,Tomato,2,2025-01-09,2025-01-12,,Wasted,2.4
5,Wasteful,Fruits,Banana,2,2025-01-10,2025-01-13,,Wasted,2.2
5,Wasteful,Dairy,Milk,5,2025-01-11,2025-01-14,2025-01-11,Used,6.5
5,Wasteful,Fruits,Banana,5,2025-01-12,2025-01-16,2025-01-13,Used,5.5
5,Wasteful,Meat,Fish,2,2025-01-13,2025-01-14,2025-01-14,Used,3.0
5,Wasteful,Fruits,Banana,1,2025-01-14,2025-01-17,,Wasted,1.1
5,Wasteful,Meat,Fish,1,2025-01-15,2025-01-16,2025-01-15,Used,1.5
5,Wasteful,Grains,Rice,5,2025-01-16,2025-03-17,,Wasted,4.0
5,Wasteful,Dairy,Cheese,1,2025-01-17,2025-01-30,,Wasted,1.3
5,Wasteful,Grains,Rice,3,2025-01-18,2025-02-25,2025-02-02,Used,2.4
5,Wasteful,Vegetables,Tomato,2,2025-01-19,2025-01-24,,Wasted,2.4
5,Wasteful,Grains,Wheat,5,2025-01-20,2025-04-11,,Wasted,4.0
5,Wasteful,Dairy,Cheese,4,2025-01-21,2025-02-03,2025-01-31,Used,5.2
5,Wasteful,Fruits,Apple,1,2025-01-22,2025-01-31,,Wasted,1.1
5,Wasteful,Meat,Chicken,5,2025-01-23,2025-01-26,2025-01-23,Used,7.5
5,Wasteful,Vegetables,Tomato,3,2025-01-24,2025-01-30,,Wasted,3.6
5,Wasteful,Dairy,Cheese,4,2025-01-25,2025-02-08,2025-01-30,Used,5.2
5,Wasteful,Vegetables,Potato,2,2025-01-26,2025-02-14,,Wasted,2.4
5,Wasteful,Grains,Rice,4,2025-01-27,2025-03-06,,Wasted,3.2
5,Wasteful,Dairy,Milk,2,2025-01-28,2025-02-01,,Wasted,2.6
5,Wasteful,Dairy,Cheese,1,2025-01-29,2025-02-06,,Wasted,1.3
5,Wasteful,Vegetables,Potato,2,2025-01-30,2025-02-16,,Wasted,2.4
6,Wasteful,Meat,Fish,3,2025-01-01,2025-01-02,2025-01-01,Used,4.5
6,Wasteful,Dairy,Milk,1,2025-01-02,2025-01-07,2025-01-04,Used,1.3
6,Wasteful,Meat,Fish,1,2025-01-03,2025-01-05,2025-01-03,Used,1.5
6,Wasteful,Vegetables,Tomato,4,2025-01-04,2025-01-10,,Wasted,4.8
6,Wasteful,Fruits,Banana,3,2025-01-05,2025-01-09,,Wasted,3.3
6,Wasteful,Fruits,Apple,1,2025-01-06,2025-01-20,2025-01-15,Used,1.1
6,Wasteful,Meat,Chicken,3,2025-01-07,2025-01-10,,Wasted,4.5
6,Wasteful,Meat,Fish,4,2025-01-08,2025-01-10,,Wasted,6.0
6,Wasteful,Dairy,Cheese,2,2025-01-09,2025-01-21,,Wasted,2.6
6,Wasteful,Fruits,Banana,4,2025-01-10,2025-01-14,2025-01-13,Used,4.4
6,Wasteful,Vegetables,Potato,2,2025-01-11,2025-01-29,2025-01-14,Used,2.4
6,Wasteful,Meat,Chicken,4,2025-01-12,2025-01-14,,Wasted,6.0
6,Wasteful,Dairy,Milk,3,2025-01-13,2025-01-18,,Wasted,3.9
6,Wasteful,Grains,Wheat,1,2025-01-14,2025-04-01,,Wasted,0.8
6,Wasteful,Fruits,Apple,4,2025-01-15,2025-01-27,,Wasted,4.4
6,Wasteful,Fruits,Banana,3,2025-01-16,2025-01-19,2025-01-19,Used,3.3
6,Wasteful,Grains,Rice,2,2025-01-17,2025-02-25,2025-01-18,Used,1.6
6,Wasteful,Grains,Wheat,4,2025-01-18,2025-03-26,,Wasted,3.2
6,Wasteful,Fruits,Banana,4,2025-01-19,2025-01-21,2025-01-21,Used,4.4
6,Wasteful,Meat,Fish,3,2025-01-20,2025-01-21,,Wasted,4.5
6,Wasteful,Dairy,Cheese,3,2025-01-21,2025-01-28,2025-01-28,Used,3.9
6,Wasteful,Dairy,Cheese,2,2025-01-22,2025-02-02,2025-01-27,Used,2.6
6,Wasteful,Dairy,Milk,3,2025-01-23,2025-01-28,,Wasted,3.9
6,Wasteful,Grains,Wheat,1,2025-01-24,2025-03-11,2025-02-22,Used,0.8
6,Wasteful,Fruits,Banana,3,2025-01-25,2025-01-27,,Wasted,3.3
6,Wasteful,Fruits,Apple,4,2025-01-26,2025-02-09,2025-02-09,Used,4.4
6,Wasteful,Meat,Chicken,5,2025-01-27,2025-01-29,,Wasted,7.5
6,Wasteful,Dairy,Cheese,2,2025-01-28,2025-02-07,,Wasted,2.6
6,Wasteful,Meat,Chicken,3,2025-01-29,2025-01-31,2025-01-29,Used,4.5
6,Wasteful,Vegetables,Potato,4,2025-01-30,2025-02-15,,Wasted,4.8
7,Wasteful,Dairy,Cheese,1,2025-01-01,2025-01-12,,Wasted,1.3
7,Wasteful,Fruits,Apple,2,2025-01-02,2025-01-15,2025-01-02,Used,2.2
7,Wasteful,Grains,Wheat,4,2025-01-03,2025-03-21,2025-01-04,Used,3.2
7,Wasteful,Dairy,Milk,5,2025-01-04,2025-01-08,2025-01-08,Used,6.5
7,Wasteful,Grains,Rice,4,2025-01-05,2025-02-12,,Wasted,3.2
7,Wasteful,Meat,Fish,2,2025-01-06,2025-01-08,2025-01-06,Used,3.0
7,Wasteful,Vegetables,Potato,2,2025-01-07,2025-01-23,,Wasted,2.4
7,Wasteful,Dairy,Cheese,1,2025-01-08,2025-01-21,2025-01-17,Used,1.3
7,Wasteful,Dairy,Cheese,1,2025-01-09,2025-01-23,,Wasted,1.3
7,Wasteful,Grains,Rice,2,2025-01-10,2025-02-26,,Wasted,1.6
7,Wasteful,Meat,Fish,4,2025-01-11,2025-01-12,,Wasted,6.0
7,Wasteful,Dairy,Milk,1,2025-01-12,2025-01-17,,Wasted,1.3
7,Wasteful,Meat,Fish,5,2025-01-13,2025-01-14,2025-01-14,Used,7.5
7,Wasteful,Grains,Wheat,1,2025-01-14,2025-02-28,,Wasted,0.8
7,Wasteful,Meat,Fish,3,2025-01-15,2025-01-17,2025-01-17,Used,4.5
7,Wasteful,Dairy,Milk,2,2025-01-16,2025-01-19,2025-01-16,Used,2.6
7,Wasteful,Grains,Rice,2,2025-01-17,2025-03-04,2025-02-07,Used,1.6
7,Wasteful,Dairy,Milk,4,2025-01-18,2025-01-23,2025-01-18,Used,5.2
7,Wasteful,Grains,Rice,4,2025-01-19,2025-03-10,,Wasted,3.2
7,Wasteful,Fruits,Apple,3,2025-01-20,2025-01-31,2025-01-29,Used,3.3
7,Wasteful,Dairy,Milk,4,2025-01-21,2025-01-24,2025-01-24,Used,5.2
7,Wasteful,Meat,Chicken,4,2025-01-22,2025-01-24,,Wasted,6.0
7,Wasteful,Dairy,Milk,5,2025-01-23,2025-01-26,2025-01-23,Used,6.5
7,Wasteful,Dairy,Cheese,2,2025-01-24,2025-01-31,2025-01-24,Used,2.6
7,Wasteful,Vegetables,Tomato,2,2025-01-25,2025-01-30,2025-01-27,Used,2.4
7,Wasteful,Fruits,Banana,3,2025-01-26,2025-01-28,,Wasted,3.3
7,Wasteful,Meat,Fish,1,2025-01-27,2025-01-29,2025-01-29,Used,1.5
7,Wasteful,Vegetables,Tomato,1,2025-01-28,2025-02-02,2025-01-29,Used,1.2
7,Wasteful,Dairy,Milk,5,2025-01-29,2025-02-01,2025-01-29,Used,6.5
7,Wasteful,Dairy,Milk,2,2025-01-30,2025-02-02,2025-01-31,Used,2.6
8,Wasteful,Vegetables,Tomato,2,2025-01-01,2025-01-04,2025-01-01,Used,2.4
8,Wasteful,Fruits,Apple,4,2025-01-02,2025-01-16,,Wasted,4.4
8,Wasteful,Fruits,Banana,1,2025-01-03,2025-01-08,,Wasted,1.1
8,Wasteful,Meat,Fish,5,2025-01-04,2025-01-06,2025-01-05,Used,7.5
8,Wasteful,Fruits,Apple,3,2025-01-05,2025-01-16,,Wasted,3.3
8,Wasteful,Vegetables,Tomato,5,2025-01-06,2025-01-12,2025-01-06,Used,6.0
8,Wasteful,Dairy,Cheese,1,2025-01-07,2025-01-18,,Wasted,1.3
8,Wasteful,Vegetables,Tomato,4,2025-01-08,2025-01-11,2025-01-09,Used,4.8
8,Wasteful,Vegetables,Potato,4,2025-01-09,2025-01-21,2025-01-21,Used,4.8
8,Wasteful,Fruits,Banana,2,2025-01-10,2025-01-15,,Wasted,2.2
8,Wasteful,Vegetables,Potato,3,2025-01-11,2025-01-31,,Wasted,3.6
8,Wasteful,Vegetables,Potato,4,2025-01-12,2025-01-24,,Wasted,4.8
8,Wasteful,Meat,Fish,5,2025-01-13,2025-01-15,2025-01-15,Used,7.5
8,Wasteful,Meat,Chicken,1,2025-01-14,2025-01-17,2025-01-15,Used,1.5
8,Wasteful,Meat,Chicken,3,2025-01-15,2025-01-17,2025-01-17,Used,4.5
8,Wasteful,Vegetables,Potato,2,2025-01-16,2025-01-28,2025-01-19,Used,2.4
8,Wasteful,Dairy,Milk,4,2025-01-17,2025-01-22,2025-01-21,Used,5.2
8,Wasteful,Fruits,Banana,4,2025-01-18,2025-01-22,2025-01-20,Used,4.4
8,Wasteful,Grains,Rice,1,2025-01-19,2025-03-05,2025-03-03,Used,0.8
8,Wasteful,Dairy,Cheese,5,2025-01-20,2025-01-30,,Wasted,6.5
8,Wasteful,Dairy,Milk,2,2025-01-21,2025-01-26,2025-01-24,Used,2.6
8,Wasteful,Meat,Fish,5,2025-01-22,2025-01-23,,Wasted,7.5
8,Wasteful,Grains,Rice,5,2025-01-23,2025-02-28,2025-02-08,Used,4.0
8,Wasteful,Grains,Rice,2,2025-01-24,2025-03-18,2025-03-12,Used,1.6
8,Wasteful,Fruits,Apple,2,2025-01-25,2025-02-05,2025-01-25,Used,2.2
8,Wasteful,Meat,Fish,5,2025-01-26,2025-01-28,,Wasted,7.5
8,Wasteful,Grains,Rice,4,2025-01-27,2025-03-26,2025-03-26,Used,3.2
8,Wasteful,Fruits,Apple,5,2025-01-28,2025-02-10,,Wasted,5.5
8,Wasteful,Dairy,Cheese,5,2025-01-29,2025-02-05,2025-02-05,Used,6.5
8,Wasteful,Fruits,Banana,5,2025-01-30,2025-02-03,,Wasted,5.5
9,Careful,Fruits,Banana,1,2025-01-01,2025-01-05,2025-01-02,Used,1.1
9,Careful,Dairy,Milk,4,2025-01-02,2025-01-06,,Wasted,5.2
9,Careful,Fruits,Banana,4,2025-01-03,2025-01-07,2025-01-05,Used,4.4
9,Careful,Dairy,Cheese,1,2025-01-04,2025-01-17,2025-01-10,Used,1.3
9,Careful,Meat,Chicken,3,2025-01-05,2025-01-08,2025-01-08,Used,4.5
9,Careful,Meat,Fish,5,2025-01-06,2025-01-08,,Wasted,7.5
9,Careful,Fruits,Banana,5,2025-01-07,2025-01-12,2025-01-11,Used,5.5
9,Careful,Vegetables,Potato,3,2025-01-08,2025-01-19,2025-01-13,Used,3.6
9,Careful,Grains,Rice,3,2025-01-09,2025-02-10,2025-01-20,Used,2.4
9,Careful,Vegetables,Potato,1,2025-01-10,2025-01-23,2025-01-16,Used,1.2
9,Careful,Dairy,Milk,3,2025-01-11,2025-01-15,2025-01-13,Used,3.9
9,Careful,Meat,Chicken,1,2025-01-12,2025-01-14,2025-01-12,Used,1.5
9,Careful,Dairy,Milk,1,2025-01-13,2025-01-18,2025-01-18,Used,1.3
9,Careful,Dairy,Milk,3,2025-01-14,2025-01-18,2025-01-17,Used,3.9
9,Careful,Meat,Chicken,4,2025-01-15,2025-01-17,2025-01-15,Used,6.0
9,Careful,Fruits,Banana,2,2025-01-16,2025-01-21,2025-01-21,Used,2.2
9,Careful,Vegetables,Potato,2,2025-01-17,2025-02-02,2025-01-23,Used,2.4
9,Careful,Vegetables,Potato,5,2025-01-18,2025-01-28,2025-01-26,Used,6.0
9,Careful,Fruits,Banana,2,2025-01-19,2025-01-24,2025-01-20,Used,2.2
9,Careful,Meat,Chicken,3,2025-01-20,2025-01-22,2025-01-20,Used,4.5
9,Careful,Vegetables,Potato,2,2025-01-21,2025-02-10,2025-02-09,Used,2.4
9,Careful,Dairy,Cheese,4,2025-01-22,2025-01-29,2025-01-22,Used,5.2
9,Careful,Dairy,Cheese,4,2025-01-23,2025-01-30,,Wasted,5.2
9,Careful,Dairy,Milk,5,2025-01-24,2025-01-29,2025-01-24,Used,6.5
9,Careful,Dairy,Cheese,5,2025-01-25,2025-02-05,2025-01-25,Used,6.5
9,Careful,Dairy,Cheese,4,2025-01-26,2025-02-05,2025-01-28,Used,5.2
9,Careful,Grains,Rice,5,2025-01-27,2025-03-27,2025-02-04,Used,4.0
9,Careful,Vegetables,Potato,1,2025-01-28,2025-02-17,2025-02-15,Used,1.2
9,Careful,Meat,Fish,2,2025-01-29,2025-01-30,2025-01-30,Used,3.0
9,Careful,Dairy,Milk,3,2025-01-30,2025-02-04,2025-02-01,Used,3.9
10,Careful,Dairy,Cheese,2,2025-01-01,2025-01-13,2025-01-12,Used,2.6
10,Careful,Dairy,Cheese,5,2025-01-02,2025-01-13,2025-01-10,Used,6.5
10,Careful,Dairy,Milk,2,2025-01-03,2025-01-08,2025-01-03,Used,2.6
10,Careful,Dairy,Milk,4,2025-01-04,2025-01-08,2025-01-04,Used,5.2
10,Careful,Grains,Rice,2,2025-01-05,2025-02-25,2025-02-15,Used,1.6
10,Careful,Fruits,Apple,3,2025-01-06,2025-01-17,2025-01-09,Used,3.3
10,Careful,Grains,Wheat,1,2025-01-07,2025-02-18,,Wasted,0.8
10,Careful,Grains,Wheat,1,2025-01-08,2025-03-07,2025-03-02,Used,0.8
10,Careful,Grains,Rice,4,2025-01-09,2025-02-26,2025-02-24,Used,3.2
10,Careful,Dairy,Cheese,3,2025-01-10,2025-01-21,2025-01-16,Used,3.9
10,Careful,Vegetables,Potato,3,2025-01-11,2025-01-24,,Wasted,3.6
10,Careful,Vegetables,Potato,1,2025-01-12,2025-01-25,2025-01-19,Used,1.2
10,Careful,Fruits,Banana,4,2025-01-13,2025-01-15,2025-01-14,Used,4.4
10,Careful,Fruits,Apple,2,2025-01-14,2025-01-28,2025-01-17,Used,2.2
10,Careful,Meat,Chicken,1,2025-01-15,2025-01-18,2025-01-17,Used,1.5
10,Careful,Dairy,Milk,5,2025-01-16,2025-01-20,2025-01-19,Used,6.5
10,Careful,Fruits,Banana,4,2025-01-17,2025-01-20,2025-01-18,Used,4.4
10,Careful,Dairy,Cheese,5,2025-01-18,2025-02-01,2025-01-29,Used,6.5
10,Careful,Vegetables,Potato,3,2025-01-19,2025-01-29,2025-01-22,Used,3.6
10,Careful,Fruits,Banana,1,2025-01-20,2025-01-24,2025-01-24,Used,1.1
10,Careful,Meat,Chicken,1,2025-01-21,2025-01-24,2025-01-24,Used,1.5
10,Careful,Meat,Fish,2,2025-01-22,2025-01-23,2025-01-23,Used,3.0
10,Careful,Dairy,Milk,2,2025-01-23,2025-01-27,2025-01-24,Used,2.6
10,Careful,Fruits,Banana,1,2025-01-24,2025-01-29,,Wasted,1.1
10,Careful,Dairy,Cheese,2,2025-01-25,2025-02-01,,Wasted,2.6
10,Careful,Dairy,Milk,5,2025-01-26,2025-01-29,2025-01-26,Used,6.5
10,Careful,Meat,Fish,5,2025-01-27,2025-01-29,2025-01-28,Used,7.5
10,Careful,Vegetables,Potato,4,2025-01-28,2025-02-15,2025-01-31,Used,4.8
10,Careful,Meat,Chicken,5,2025-01-29,2025-02-01,2025-02-01,Used,7.5
10,Careful,Fruits,Apple,2,2025-01-30,2025-02-06,2025-02-01,Used,2.2
11,Average,Dairy,Milk,2,2025-01-01,2025-01-04,,Wasted,2.6
11,Average,Dairy,Cheese,4,2025-01-02,2025-01-15,,Wasted,5.2
11,Average,Dairy,Milk,1,2025-01-03,2025-01-08,2025-01-07,Used,1.3
11,Average,Meat,Fish,5,2025-01-04,2025-01-06,2025-01-05,Used,7.5
11,Average,Grains,Rice,2,2025-01-05,2025-02-25,2025-02-14,Used,1.6
11,Average,Dairy,Cheese,4,2025-01-06,2025-01-18,2025-01-17,Used,5.2
11,Average,Meat,Chicken,4,2025-01-07,2025-01-10,2025-01-10,Used,6.0
11,Average,Vegetables,Potato,1,2025-01-08,2025-01-25,2025-01-08,Used,1.2
11,Average,Dairy,Milk,4,2025-01-09,2025-01-12,2025-01-11,Used,5.2
11,Average,Grains,Wheat,4,2025-01-10,2025-02-10,2025-01-17,Used,3.2
11,Average,Vegetables,Tomato,2,2025-01-11,2025-01-18,2025-01-13,Used,2.4
11,Average,Vegetables,Potato,5,2025-01-12,2025-01-24,2025-01-12,Used,6.0
11,Average,Grains,Wheat,2,2025-01-13,2025-03-13,,Wasted,1.6
11,Average,Fruits,Apple,3,2025-01-14,2025-01-26,2025-01-24,Used,3.3
11,Average,Fruits,Apple,1,2025-01-15,2025-01-26,2025-01-15,Used,1.1
11,Average,Grains,Rice,5,2025-01-16,2025-03-16,2025-01-25,Used,4.0
11,Average,Meat,Chicken,1,2025-01-17,2025-01-19,2025-01-17,Used,1.5
11,Average,Vegetables,Potato,4,2025-01-18,2025-02-06,,Wasted,4.8
11,Average,Fruits,Apple,2,2025-01-19,2025-01-26,,Wasted,2.2
11,Average,Fruits,Banana,3,2025-01-20,2025-01-22,2025-01-20,Used,3.3
11,Average,Meat,Chicken,4,2025-01-21,2025-01-24,2025-01-24,Used,6.0
11,Average,Grains,Rice,1,2025-01-22,2025-02-28,,Wasted,0.8
11,Average,Fruits,Apple,1,2025-01-23,2025-02-05,,Wasted,1.1
11,Average,Dairy,Milk,1,2025-01-24,2025-01-28,,Wasted,1.3
11,Average,Vegetables,Potato,2,2025-01-25,2025-02-08,2025-01-30,Used,2.4
11,Average,Grains,Rice,2,2025-01-26,2025-03-19,2025-02-04,Used,1.6
11,Average,Fruits,Apple,4,2025-01-27,2025-02-08,2025-02-07,Used,4.4
11,Average,Meat,Fish,5,2025-01-28,2025-01-29,2025-01-29,Used,7.5
11,Average,Grains,Rice,5,2025-01-29,2025-03-05,2025-02-06,Used,4.0
11,Average,Grains,Rice,3,2025-01-30,2025-03-17,,Wasted,2.4
12,Careful,Vegetables,Tomato,5,2025-01-01,2025-01-04,2025-01-03,Used,6.0
12,Careful,Meat,Chicken,4,2025-01-02,2025-01-04,2025-01-03,Used,6.0
12,Careful,Vegetables,Tomato,3,2025-01-03,2025-01-09,2025-01-08,Used,3.6
12,Careful,Grains,Rice,5,2025-01-04,2025-02-10,2025-02-10,Used,4.0
12,Careful,Meat,Chicken,1,2025-01-05,2025-01-07,2025-01-05,Used,1.5
12,Careful,Fruits,Banana,1,2025-01-06,2025-01-09,2025-01-08,Used,1.1
12,Careful,Vegetables,Potato,4,2025-01-07,2025-01-27,2025-01-18,Used,4.8
12,Careful,Grains,Rice,3,2025-01-08,2025-02-17,2025-01-13,Used,2.4
12,Careful,Fruits,Banana,3,2025-01-09,2025-01-14,2025-01-11,Used,3.3
12,Careful,Grains,Wheat,3,2025-01-10,2025-02-18,2025-02-04,Used,2.4
12,Careful,Dairy,Milk,3,2025-01-11,2025-01-15,2025-01-12,Used,3.9
12,Careful,Vegetables,Potato,4,2025-01-12,2025-01-24,2025-01-21,Used,4.8
12,Careful,Fruits,Banana,4,2025-01-13,2025-01-16,2025-01-15,Used,4.4
12,Careful,Meat,Chicken,4,2025-01-14,2025-01-16,2025-01-16,Used,6.0
12,Careful,Meat,Fish,5,2025-01-15,2025-01-16,2025-01-16,Used,7.5
12,Careful,Dairy,Milk,3,2025-01-16,2025-01-21,,Wasted,3.9
12,Careful,Fruits,Banana,2,2025-01-17,2025-01-20,2025-01-19,Used,2.2
12,Careful,Meat,Fish,1,2025-01-18,2025-01-19,2025-01-18,Used,1.5
12,Careful,Fruits,Apple,1,2025-01-19,2025-02-01,2025-02-01,Used,1.1
12,Careful,Vegetables,Potato,4,2025-01-20,2025-01-30,2025-01-24,Used,4.8
12,Careful,Dairy,Cheese,4,2025-01-21,2025-01-31,2025-01-27,Used,5.2
12,Careful,Meat,Chicken,4,2025-01-22,2025-01-25,2025-01-22,Used,6.0
12,Careful,Meat,Fish,2,2025-01-23,2025-01-24,2025-01-23,Used,3.0
12,Careful,Fruits,Banana,1,2025-01-24,2025-01-27,2025-01-25,Used,1.1
12,Careful,Meat,Fish,5,2025-01-25,2025-01-27,2025-01-27,Used,7.5
12,Careful,Dairy,Cheese,3,2025-01-26,2025-02-07,2025-02-04,Used,3.9
12,Careful,Grains,Wheat,2,2025-01-27,2025-03-25,2025-02-27,Used,1.6
12,Careful,Grains,Wheat,3,2025-01-28,2025-03-13,2025-02-10,Used,2.4
12,Careful,Vegetables,Tomato,5,2025-01-29,2025-02-04,2025-02-02,Used,6.0
12,Careful,Meat,Chicken,4,2025-01-30,2025-02-01,2025-01-30,Used,6.0
13,Wasteful,Grains,Rice,3,2025-01-01,2025-02-08,,Wasted,2.4
13,Wasteful,Vegetables,Potato,1,2025-01-02,2025-01-19,2025-01-04,Used,1.2
13,Wasteful,Meat,Chicken,2,2025-01-03,2025-01-06,2025-01-03,Used,3.0
13,Wasteful,Grains,Rice,5,2025-01-04,2025-02-17,2025-02-17,Used,4.0
13,Wasteful,Meat,Fish,5,2025-01-05,2025-01-07,,Wasted,7.5
13,Wasteful,Grains,Rice,1,2025-01-06,2025-02-11,,Wasted,0.8
13,Wasteful,Dairy,Cheese,1,2025-01-07,2025-01-14,2025-01-09,Used,1.3
13,Wasteful,Meat,Chicken,2,2025-01-08,2025-01-11,2025-01-10,Used,3.0
13,Wasteful,Meat,Chicken,1,2025-01-09,2025-01-11,2025-01-09,Used,1.5
13,Wasteful,Dairy,Cheese,3,2025-01-10,2025-01-21,,Wasted,3.9
13,Wasteful,Dairy,Cheese,4,2025-01-11,2025-01-24,2025-01-11,Used,5.2
13,Wasteful,Fruits,Apple,3,2025-01-12,2025-01-19,,Wasted,3.3
13,Wasteful,Vegetables,Tomato,1,2025-01-13,2025-01-16,,Wasted,1.2
13,Wasteful,Meat,Fish,4,2025-01-14,2025-01-16,2025-01-16,Used,6.0
13,Wasteful,Meat,Fish,3,2025-01-15,2025-01-17,2025-01-17,Used,4.5
13,Wasteful,Fruits,Apple,3,2025-01-16,2025-01-24,,Wasted,3.3
13,Wasteful,Meat,Chicken,5,2025-01-17,2025-01-19,,Wasted,7.5
13,Wasteful,Grains,Wheat,4,2025-01-18,2025-04-04,2025-02-15,Used,3.2
13,Wasteful,Fruits,Banana,3,2025-01-19,2025-01-22,2025-01-22,Used,3.3
13,Wasteful,Fruits,Banana,3,2025-01-20,2025-01-24,,Wasted,3.3
13,Wasteful,Grains,Rice,1,2025-01-21,2025-03-05,2025-02-27,Used,0.8
13,Wasteful,Grains,Wheat,2,2025-01-22,2025-04-06,,Wasted,1.6
13,Wasteful,Dairy,Cheese,2,2025-01-23,2025-02-01,2025-01-28,Used,2.6
13,Wasteful,Dairy,Milk,1,2025-01-24,2025-01-29,2025-01-25,Used,1.3
13,Wasteful,Grains,Rice,5,2025-01-25,2025-02-27,,Wasted,4.0
13,Wasteful,Vegetables,Tomato,2,2025-01-26,2025-01-31,2025-01-27,Used,2.4
13,Wasteful,Dairy,Milk,1,2025-01-27,2025-01-31,2025-01-30,Used,1.3
13,Wasteful,Dairy,Milk,1,2025-01-28,2025-02-01,2025-01-28,Used,1.3
13,Wasteful,Dairy,Milk,1,2025-01-29,2025-02-01,2025-01-30,Used,1.3
13,Wasteful,Fruits,Apple,1,2025-01-30,2025-02-10,2025-02-10,Used,1.1
14,Wasteful,Meat,Chicken,5,2025-01-01,2025-01-03,2025-01-03,Used,7.5
14,Wasteful,Grains,Rice,3,2025-01-02,2025-02-07,2025-02-03,Used,2.4
14,Wasteful,Dairy,Cheese,3,2025-01-03,2025-01-12,2025-01-04,Used,3.9
14,Wasteful,Fruits,Apple,4,2025-01-04,2025-01-14,2025-01-14,Used,4.4
14,Wasteful,Meat,Chicken,1,2025-01-05,2025-01-08,,Wasted,1.5
14,Wasteful,Meat,Chicken,1,2025-01-06,2025-01-09,2025-01-08,Used,1.5
14,Wasteful,Vegetables,Tomato,2,2025-01-07,2025-01-13,2025-01-10,Used,2.4
14,Wasteful,Grains,Wheat,2,2025-01-08,2025-03-17,2025-01-12,Used,1.6
14,Wasteful,Vegetables,Tomato,2,2025-01-09,2025-01-16,,Wasted,2.4
14,Wasteful,Fruits,Banana,4,2025-01-10,2025-01-14,2025-01-13,Used,4.4
14,Wasteful,Vegetables,Tomato,1,2025-01-11,2025-01-14,,Wasted,1.2
14,Wasteful,Vegetables,Tomato,4,2025-01-12,2025-01-15,,Wasted,4.8
14,Wasteful,Fruits,Apple,3,2025-01-13,2025-01-25,2025-01-19,Used,3.3
14,Wasteful,Grains,Wheat,4,2025-01-14,2025-04-07,2025-03-21,Used,3.2
14,Wasteful,Dairy,Milk,3,2025-01-15,2025-01-19,2025-01-15,Used,3.9
14,Wasteful,Vegetables,Potato,1,2025-01-16,2025-01-29,,Wasted,1.2
14,Wasteful,Meat,Fish,2,2025-01-17,2025-01-19,,Wasted,3.0
14,Wasteful,Meat,Chicken,3,2025-01-18,2025-01-21,2025-01-21,Used,4.5
14,Wasteful,Fruits,Banana,5,2025-01-19,2025-01-21,2025-01-20,Used,5.5
14,Wasteful,Vegetables,Potato,4,2025-01-20,2025-02-02,,Wasted,4.8
14,Wasteful,Meat,Chicken,5,2025-01-21,2025-01-23,2025-01-23,Used,7.5
14,Wasteful,Grains,Rice,1,2025-01-22,2025-03-18,2025-02-07,Used,0.8
14,Wasteful,Fruits,Apple,1,2025-01-23,2025-01-31,,Wasted,1.1
14,Wasteful,Vegetables,Tomato,3,2025-01-24,2025-01-29,2025-01-25,Used,3.6
14,Wasteful,Meat,Chicken,1,2025-01-25,2025-01-27,,Wasted,1.5
14,Wasteful,Fruits,Banana,4,2025-01-26,2025-01-29,2025-01-26,Used,4.4
14,Wasteful,Vegetables,Potato,5,2025-01-27,2025-02-13,2025-02-10,Used,6.0
14,Wasteful,Grains,Wheat,3,2025-01-28,2025-03-21,,Wasted,2.4
14,Wasteful,Vegetables,Tomato,2,2025-01-29,2025-02-05,,Wasted,2.4
14,Wasteful,Grains,Rice,1,2025-01-30,2025-03-17,2025-03-15,Used,0.8
15,Average,Fruits,Apple,1,2025-01-01,2025-01-13,,Wasted,1.1
15,Average,Meat,Fish,2,2025-01-02,2025-01-03,,Wasted,3.0
15,Average,Grains,Rice,2,2025-01-03,2025-02-08,,Wasted,1.6
15,Average,Meat,Fish,3,2025-01-04,2025-01-05,2025-01-04,Used,4.5
15,Average,Dairy,Milk,2,2025-01-05,2025-01-08,2025-01-07,Used,2.6
15,Average,Meat,Fish,1,2025-01-06,2025-01-07,2025-01-07,Used,1.5
15,Average,Vegetables,Tomato,5,2025-01-07,2025-01-10,2025-01-08,Used,6.0
15,Average,Grains,Rice,2,2025-01-08,2025-02-13,2025-01-11,Used,1.6
15,Average,Dairy,Cheese,1,2025-01-09,2025-01-18,2025-01-10,Used,1.3
15,Average,Grains,Rice,5,2025-01-10,2025-02-11,2025-02-02,Used,4.0
15,Average,Grains,Rice,5,2025-01-11,2025-02-25,2025-01-14,Used,4.0
15,Average,Vegetables,Tomato,5,2025-01-12,2025-01-19,2025-01-14,Used,6.0
15,Average,Dairy,Cheese,1,2025-01-13,2025-01-26,2025-01-16,Used,1.3
15,Average,Dairy,Milk,4,2025-01-14,2025-01-18,2025-01-15,Used,5.2
15,Average,Meat,Fish,3,2025-01-15,2025-01-16,2025-01-15,Used,4.5
15,Average,Meat,Chicken,3,2025-01-16,2025-01-18,2025-01-16,Used,4.5
15,Average,Grains,Wheat,2,2025-01-17,2025-03-22,,Wasted,1.6
15,Average,Dairy,Milk,1,2025-01-18,2025-01-21,2025-01-21,Used,1.3
15,Average,Meat,Chicken,5,2025-01-19,2025-01-21,2025-01-21,Used,7.5
15,Average,Grains,Wheat,5,2025-01-20,2025-03-12,,Wasted,4.0
15,Average,Fruits,Apple,2,2025-01-21,2025-02-01,2025-01-26,Used,2.2
15,Average,Dairy,Cheese,1,2025-01-22,2025-02-04,2025-01-23,Used,1.3
15,Average,Meat,Chicken,3,2025-01-23,2025-01-26,2025-01-23,Used,4.5
15,Average,Vegetables,Tomato,2,2025-01-24,2025-01-30,2025-01-30,Used,2.4
15,Average,Fruits,Banana,5,2025-01-25,2025-01-29,2025-01-27,Used,5.5
15,Average,Grains,Wheat,3,2025-01-26,2025-04-17,2025-02-08,Used,2.4
15,Average,Dairy,Cheese,2,2025-01-27,2025-02-03,,Wasted,2.6
15,Average,Dairy,Cheese,3,2025-01-28,2025-02-05,,Wasted,3.9
15,Average,Fruits,Apple,2,2025-01-29,2025-02-09,2025-02-07,Used,2.2
15,Average,Fruits,Apple,4,2025-01-30,2025-02-10,,Wasted,4.4
16,Average,Vegetables,Tomato,2,2025-01-01,2025-01-06,2025-01-03,Used,2.4
16,Average,Dairy,Cheese,3,2025-01-02,2025-01-16,2025-01-14,Used,3.9
16,Average,Grains,Wheat,2,2025-01-03,2025-03-03,,Wasted,1.6
16,Average,Vegetables,Potato,5,2025-01-04,2025-01-19,2025-01-07,Used,6.0
16,Average,Meat,Chicken,5,2025-01-05,2025-01-07,,Wasted,7.5
16,Average,Fruits,Banana,4,2025-01-06,2025-01-11,2025-01-07,Used,4.4
16,Average,Dairy,Milk,1,2025-01-07,2025-01-10,2025-01-10,Used,1.3
16,Average,Fruits,Apple,4,2025-01-08,2025-01-18,,Wasted,4.4
16,Average,Grains,Rice,1,2025-01-09,2025-02-19,2025-02-17,Used,0.8
16,Average,Dairy,Milk,2,2025-01-10,2025-01-14,2025-01-13,Used,2.6
16,Average,Dairy,Cheese,1,2025-01-11,2025-01-23,,Wasted,1.3
16,Average,Vegetables,Tomato,5,2025-01-12,2025-01-17,2025-01-12,Used,6.0
16,Average,Meat,Chicken,4,2025-01-13,2025-01-15,2025-01-14,Used,6.0
16,Average,Grains,Wheat,5,2025-01-14,2025-03-30,2025-01-14,Used,4.0
16,Average,Fruits,Banana,5,2025-01-15,2025-01-20,2025-01-17,Used,5.5
16,Average,Vegetables,Tomato,3,2025-01-16,2025-01-22,2025-01-17,Used,3.6
16,Average,Meat,Fish,3,2025-01-17,2025-01-19,2025-01-18,Used,4.5
16,Average,Dairy,Cheese,1,2025-01-18,2025-01-27,2025-01-20,Used,1.3
16,Average,Dairy,Milk,1,2025-01-19,2025-01-22,,Wasted,1.3
16,Average,Dairy,Milk,1,2025-01-20,2025-01-23,2025-01-23,Used,1.3
16,Average,Fruits,Apple,1,2025-01-21,2025-01-30,2025-01-24,Used,1.1
16,Average,Vegetables,Tomato,4,2025-01-22,2025-01-28,,Wasted,4.8
16,Average,Meat,Fish,1,2025-01-23,2025-01-25,2025-01-24,Used,1.5
16,Average,Dairy,Milk,1,2025-01-24,2025-01-27,,Wasted,1.3
16,Average,Dairy,Cheese,3,2025-01-25,2025-02-06,2025-02-02,Used,3.9
16,Average,Fruits,Apple,1,2025-01-26,2025-02-06,2025-02-04,Used,1.1
16,Average,Dairy,Milk,1,2025-01-27,2025-02-01,2025-01-29,Used,1.3
16,Average,Vegetables,Tomato,4,2025-01-28,2025-01-31,,Wasted,4.8
16,Average,Meat,Chicken,2,2025-01-29,2025-02-01,2025-01-31,Used,3.0
16,Average,Dairy,Cheese,1,2025-01-30,2025-02-07,,Wasted,1.3
17,Wasteful,Grains,Rice,1,2025-01-01,2025-02-03,,Wasted,0.8
17,Wasteful,Dairy,Cheese,4,2025-01-02,2025-01-10,,Wasted,5.2
17,Wasteful,Grains,Rice,5,2025-01-03,2025-02-12,,Wasted,4.0
17,Wasteful,Fruits,Apple,3,2025-01-04,2025-01-12,,Wasted,3.3
17,Wasteful,Fruits,Banana,4,2025-01-05,2025-01-10,2025-01-07,Used,4.4
17,Wasteful,Fruits,Banana,5,2025-01-06,2025-01-09,2025-01-06,Used,5.5
17,Wasteful,Fruits,Apple,1,2025-01-07,2025-01-20,2025-01-14,Used,1.1
17,Wasteful,Fruits,Apple,1,2025-01-08,2025-01-17,2025-01-11,Used,1.1
17,Wasteful,Grains,Wheat,1,2025-01-09,2025-02-09,2025-01-29,Used,0.8
17,Wasteful,Fruits,Apple,3,2025-01-10,2025-01-19,2025-01-15,Used,3.3
17,Wasteful,Meat,Chicken,3,2025-01-11,2025-01-14,2025-01-14,Used,4.5
17,Wasteful,Fruits,Banana,4,2025-01-12,2025-01-15,,Wasted,4.4
17,Wasteful,Dairy,Milk,1,2025-01-13,2025-01-16,,Wasted,1.3
17,Wasteful,Fruits,Apple,3,2025-01-14,2025-01-21,2025-01-15,Used,3.3
17,Wasteful,Vegetables,Tomato,5,2025-01-15,2025-01-22,2025-01-22,Used,6.0
17,Wasteful,Vegetables,Potato,2,2025-01-16,2025-01-30,2025-01-23,Used,2.4
17,Wasteful,Fruits,Banana,3,2025-01-17,2025-01-20,2025-01-19,Used,3.3
17,Wasteful,Meat,Chicken,4,2025-01-18,2025-01-20,2025-01-18,Used,6.0
17,Wasteful,Meat,Chicken,1,2025-01-19,2025-01-21,2025-01-19,Used,1.5
17,Wasteful,Dairy,Milk,2,2025-01-20,2025-01-24,,Wasted,2.6
17,Wasteful,Dairy,Milk,4,2025-01-21,2025-01-24,2025-01-24,Used,5.2
17,Wasteful,Fruits,Banana,2,2025-01-22,2025-01-27,2025-01-23,Used,2.2
17,Wasteful,Meat,Chicken,4,2025-01-23,2025-01-25,2025-01-24,Used,6.0
17,Wasteful,Fruits,Apple,5,2025-01-24,2025-02-07,2025-01-31,Used,5.5
17,Wasteful,Meat,Fish,3,2025-01-25,2025-01-27,2025-01-27,Used,4.5
17,Wasteful,Grains,Wheat,5,2025-01-26,2025-04-03,2025-03-08,Used,4.0
17,Wasteful,Dairy,Cheese,4,2025-01-27,2025-02-09,2025-02-08,Used,5.2
17,Wasteful,Grains,Wheat,3,2025-01-28,2025-03-15,,Wasted,2.4
17,Wasteful,Dairy,Cheese,3,2025-01-29,2025-02-07,,Wasted,3.9
17,Wasteful,Meat,Chicken,3,2025-01-30,2025-02-01,,Wasted,4.5
18,Wasteful,Fruits,Apple,5,2025-01-01,2025-01-10,2025-01-04,Used,5.5
18,Wasteful,Dairy,Cheese,4,2025-01-02,2025-01-12,,Wasted,5.2
18,Wasteful,Meat,Fish,4,2025-01-03,2025-01-04,2025-01-03,Used,6.0
18,Wasteful,Grains,Rice,5,2025-01-04,2025-02-06,,Wasted,4.0
18,Wasteful,Meat,Chicken,2,2025-01-05,2025-01-07,2025-01-05,Used,3.0
18,Wasteful,Vegetables,Tomato,3,2025-01-06,2025-01-10,,Wasted,3.6
18,Wasteful,Grains,Wheat,4,2025-01-07,2025-02-11,,Wasted,3.2
18,Wasteful,Fruits,Banana,5,2025-01-08,2025-01-11,,Wasted,5.5
18,Wasteful,Grains,Rice,4,2025-01-09,2025-03-01,2025-01-26,Used,3.2
18,Wasteful,Vegetables,Tomato,4,2025-01-10,2025-01-14,2025-01-13,Used,4.8
18,Wasteful,Meat,Chicken,4,2025-01-11,2025-01-14,2025-01-11,Used,6.0
18,Wasteful,Dairy,Cheese,2,2025-01-12,2025-01-23,2025-01-15,Used,2.6
18,Wasteful,Grains,Wheat,1,2025-01-13,2025-02-22,,Wasted,0.8
18,Wasteful,Dairy,Cheese,2,2025-01-14,2025-01-28,2025-01-28,Used,2.6
18,Wasteful,Meat,Fish,5,2025-01-15,2025-01-16,,Wasted,7.5
18,Wasteful,Dairy,Cheese,1,2025-01-16,2025-01-23,,Wasted,1.3
18,Wasteful,Meat,Chicken,4,2025-01-17,2025-01-19,,Wasted,6.0
18,Wasteful,Vegetables,Tomato,2,2025-01-18,2025-01-25,,Wasted,2.4
18,Wasteful,Vegetables,Potato,5,2025-01-19,2025-02-07,2025-01-26,Used,6.0
18,Wasteful,Grains,Rice,5,2025-01-20,2025-03-17,2025-02-12,Used,4.0
18,Wasteful,Grains,Rice,3,2025-01-21,2025-03-13,,Wasted,2.4
18,Wasteful,Meat,Fish,3,2025-01-22,2025-01-23,2025-01-23,Used,4.5
18,Wasteful,Grains,Wheat,4,2025-01-23,2025-03-26,2025-02-09,Used,3.2
18,Wasteful,Fruits,Banana,4,2025-01-24,2025-01-29,,Wasted,4.4
18,Wasteful,Meat,Chicken,4,2025-01-25,2025-01-27,2025-01-25,Used,6.0
18,Wasteful,Fruits,Apple,3,2025-01-26,2025-02-05,,Wasted,3.3
18,Wasteful,Meat,Fish,1,2025-01-27,2025-01-28,2025-01-27,Used,1.5
18,Wasteful,Grains,Rice,1,2025-01-28,2025-03-25,,Wasted,0.8
18,Wasteful,Meat,Fish,1,2025-01-29,2025-01-30,2025-01-30,Used,1.5
18,Wasteful,Meat,Fish,4,2025-01-30,2025-01-31,,Wasted,6.0
19,Wasteful,Grains,Rice,3,2025-01-01,2025-02-21,,Wasted,2.4
19,Wasteful,Fruits,Apple,2,2025-01-02,2025-01-11,2025-01-04,Used,2.2
19,Wasteful,Fruits,Banana,1,2025-01-03,2025-01-06,,Wasted,1.1
19,Wasteful,Fruits,Apple,1,2025-01-04,2025-01-16,2025-01-10,Used,1.1
19,Wasteful,Vegetables,Tomato,5,2025-01-05,2025-01-11,2025-01-08,Used,6.0
19,Wasteful,Vegetables,Potato,1,2025-01-06,2025-01-25,2025-01-07,Used,1.2
19,Wasteful,Vegetables,Potato,2,2025-01-07,2025-01-24,,Wasted,2.4
19,Wasteful,Meat,Fish,4,2025-01-08,2025-01-10,2025-01-10,Used,6.0
19,Wasteful,Meat,Fish,1,2025-01-09,2025-01-11,,Wasted,1.5
19,Wasteful,Dairy,Milk,4,2025-01-10,2025-01-15,,Wasted,5.2
19,Wasteful,Meat,Fish,4,2025-01-11,2025-01-13,2025-01-12,Used,6.0
19,Wasteful,Fruits,Banana,2,2025-01-12,2025-01-14,2025-01-13,Used,2.2
19,Wasteful,Fruits,Apple,1,2025-01-13,2025-01-26,2025-01-22,Used,1.1
19,Wasteful,Dairy,Milk,3,2025-01-14,2025-01-17,2025-01-17,Used,3.9
19,Wasteful,Fruits,Apple,2,2025-01-15,2025-01-23,2025-01-18,Used,2.2
19,Wasteful,Meat,Chicken,4,2025-01-16,2025-01-18,,Wasted,6.0
19,Wasteful,Grains,Rice,3,2025-01-17,2025-03-13,2025-02-06,Used,2.4
19,Wasteful,Vegetables,Tomato,4,2025-01-18,2025-01-25,2025-01-21,Used,4.8
19,Wasteful,Dairy,Cheese,1,2025-01-19,2025-01-26,,Wasted,1.3
19,Wasteful,Dairy,Milk,5,2025-01-20,2025-01-24,2025-01-24,Used,6.5
19,Wasteful,Meat,Chicken,3,2025-01-21,2025-01-24,,Wasted,4.5
19,Wasteful,Dairy,Cheese,1,2025-01-22,2025-02-04,2025-02-04,Used,1.3
19,Wasteful,Fruits,Apple,1,2025-01-23,2025-02-06,2025-02-06,Used,1.1
19,Wasteful,Fruits,Apple,4,2025-01-24,2025-02-05,,Wasted,4.4
19,Wasteful,Dairy,Milk,2,2025-01-25,2025-01-30,,Wasted,2.6
19,Wasteful,Fruits,Banana,2,2025-01-26,2025-01-31,,Wasted,2.2
19,Wasteful,Fruits,Banana,1,2025-01-27,2025-01-30,2025-01-27,Used,1.1
19,Wasteful,Meat,Chicken,1,2025-01-28,2025-01-31,2025-01-29,Used,1.5
19,Wasteful,Dairy,Cheese,4,2025-01-29,2025-02-12,2025-02-09,Used,5.2
19,Wasteful,Meat,Chicken,2,2025-01-30,2025-02-02,2025-01-31,Used,3.0
20,Wasteful,Vegetables,Tomato,1,2025-01-01,2025-01-04,,Wasted,1.2
20,Wasteful,Meat,Fish,4,2025-01-02,2025-01-03,,Wasted,6.0
20,Wasteful,Vegetables,Tomato,5,2025-01-03,2025-01-06,2025-01-04,Used,6.0
20,Wasteful,Dairy,Milk,1,2025-01-04,2025-01-07,,Wasted,1.3
20,Wasteful,Grains,Wheat,5,2025-01-05,2025-02-27,2025-01-08,Used,4.0
20,Wasteful,Grains,Rice,4,2025-01-06,2025-02-08,,Wasted,3.2
20,Wasteful,Vegetables,Tomato,4,2025-01-07,2025-01-12,2025-01-09,Used,4.8
20,Wasteful,Grains,Rice,3,2025-01-08,2025-03-06,2025-02-03,Used,2.4
20,Wasteful,Meat,Chicken,3,2025-01-09,2025-01-12,,Wasted,4.5
20,Wasteful,Dairy,Cheese,3,2025-01-10,2025-01-17,,Wasted,3.9
20,Wasteful,Vegetables,Potato,2,2025-01-11,2025-01-29,,Wasted,2.4
20,Wasteful,Meat,Chicken,2,2025-01-12,2025-01-15,2025-01-13,Used,3.0
20,Wasteful,Vegetables,Potato,1,2025-01-13,2025-02-02,2025-02-02,Used,1.2
20,Wasteful,Meat,Chicken,2,2025-01-14,2025-01-16,,Wasted,3.0
20,Wasteful,Vegetables,Tomato,4,2025-01-15,2025-01-21,,Wasted,4.8
20,Wasteful,Dairy,Cheese,3,2025-01-16,2025-01-29,,Wasted,3.9
20,Wasteful,Meat,Chicken,4,2025-01-17,2025-01-19,2025-01-17,Used,6.0
20,Wasteful,Grains,Rice,2,2025-01-18,2025-02-20,2025-02-02,Used,1.6
20,Wasteful,Fruits,Banana,1,2025-01-19,2025-01-24,2025-01-22,Used,1.1
20,Wasteful,Fruits,Banana,2,2025-01-20,2025-01-25,,Wasted,2.2
20,Wasteful,Meat,Fish,1,2025-01-21,2025-01-23,,Wasted,1.5
20,Wasteful,Fruits,Banana,2,2025-01-22,2025-01-24,2025-01-22,Used,2.2
20,Wasteful,Meat,Chicken,5,2025-01-23,2025-01-26,2025-01-24,Used,7.5
20,Wasteful,Vegetables,Tomato,1,2025-01-24,2025-01-29,,Wasted,1.2
20,Wasteful,Dairy,Milk,2,2025-01-25,2025-01-29,2025-01-27,Used,2.6
20,Wasteful,Grains,Rice,2,2025-01-26,2025-03-21,,Wasted,1.6
20,Wasteful,Grains,Rice,5,2025-01-27,2025-03-09,2025-02-07,Used,4.0
20,Wasteful,Fruits,Apple,5,2025-01-28,2025-02-08,,Wasted,5.5
20,Wasteful,Meat,Chicken,1,2025-01-29,2025-02-01,,Wasted,1.5
20,Wasteful,Vegetables,Potato,2,2025-01-30,2025-02-15,2025-02-14,Used,2.4
21,Wasteful,Vegetables,Tomato,1,2025-01-01,2025-01-07,2025-01-05,Used,1.2
21,Wasteful,Meat,Fish,2,2025-01-02,2025-01-03,,Wasted,3.0
21,Wasteful,Grains,Rice,3,2025-01-03,2025-02-09,2025-01-26,Used,2.4
21,Wasteful,Dairy,Cheese,4,2025-01-04,2025-01-17,2025-01-14,Used,5.2
21,Wasteful,Vegetables,Potato,4,2025-01-05,2025-01-20,,Wasted,4.8
21,Wasteful,Fruits,Apple,1,2025-01-06,2025-01-18,2025-01-14,Used,1.1
21,Wasteful,Vegetables,Potato,5,2025-01-07,2025-01-18,,Wasted,6.0
21,Wasteful,Meat,Chicken,4,2025-01-08,2025-01-11,,Wasted,6.0
21,Wasteful,Vegetables,Tomato,4,2025-01-09,2025-01-12,2025-01-10,Used,4.8
21,Wasteful,Meat,Fish,1,2025-01-10,2025-01-12,,Wasted,1.5
21,Wasteful,Meat,Fish,5,2025-01-11,2025-01-12,,Wasted,7.5
21,Wasteful,Grains,Rice,1,2025-01-12,2025-02-11,,Wasted,0.8
21,Wasteful,Dairy,Milk,1,2025-01-13,2025-01-16,,Wasted,1.3
21,Wasteful,Vegetables,Tomato,3,2025-01-14,2025-01-19,,Wasted,3.6
21,Wasteful,Meat,Chicken,4,2025-01-15,2025-01-17,,Wasted,6.0
21,Wasteful,Dairy,Milk,4,2025-01-16,2025-01-19,,Wasted,5.2
21,Wasteful,Meat,Chicken,4,2025-01-17,2025-01-19,,Wasted,6.0
21,Wasteful,Vegetables,Tomato,4,2025-01-18,2025-01-25,,Wasted,4.8
21,Wasteful,Fruits,Banana,1,2025-01-19,2025-01-21,2025-01-21,Used,1.1
21,Wasteful,Grains,Rice,2,2025-01-20,2025-03-10,,Wasted,1.6
21,Wasteful,Fruits,Banana,2,2025-01-21,2025-01-25,2025-01-25,Used,2.2
21,Wasteful,Dairy,Cheese,2,2025-01-22,2025-02-05,2025-02-05,Used,2.6
21,Wasteful,Grains,Rice,4,2025-01-23,2025-03-01,,Wasted,3.2
21,Wasteful,Meat,Chicken,3,2025-01-24,2025-01-26,,Wasted,4.5
21,Wasteful,Dairy,Milk,2,2025-01-25,2025-01-28,,Wasted,2.6
21,Wasteful,Grains,Rice,5,2025-01-26,2025-03-22,,Wasted,4.0
21,Wasteful,Dairy,Cheese,5,2025-01-27,2025-02-03,,Wasted,6.5
21,Wasteful,Dairy,Milk,3,2025-01-28,2025-02-01,,Wasted,3.9
21,Wasteful,Vegetables,Tomato,2,2025-01-29,2025-02-03,,Wasted,2.4
21,Wasteful,Dairy,Cheese,2,2025-01-30,2025-02-13,2025-02-04,Used,2.6
22,Wasteful,Dairy,Milk,1,2025-01-01,2025-01-05,,Wasted,1.3
22,Wasteful,Vegetables,Potato,3,2025-01-02,2025-01-13,,Wasted,3.6
22,Wasteful,Fruits,Banana,2,2025-01-03,2025-01-08,,Wasted,2.2
22,Wasteful,Grains,Wheat,3,2025-01-04,2025-02-03,2025-01-10,Used,2.4
22,Wasteful,Grains,Wheat,4,2025-01-05,2025-03-12,2025-02-18,Used,3.2
22,Wasteful,Meat,Chicken,3,2025-01-06,2025-01-08,,Wasted,4.5
22,Wasteful,Vegetables,Potato,1,2025-01-07,2025-01-18,2025-01-10,Used,1.2
22,Wasteful,Dairy,Milk,3,2025-01-08,2025-01-12,,Wasted,3.9
22,Wasteful,Dairy,Milk,2,2025-01-09,2025-01-12,2025-01-10,Used,2.6
22,Wasteful,Meat,Chicken,3,2025-01-10,2025-01-12,,Wasted,4.5
22,Wasteful,Fruits,Apple,2,2025-01-11,2025-01-21,2025-01-14,Used,2.2
22,Wasteful,Fruits,Banana,5,2025-01-12,2025-01-15,,Wasted,5.5
22,Wasteful,Meat,Fish,3,2025-01-13,2025-01-15,2025-01-13,Used,4.5
22,Wasteful,Grains,Rice,2,2025-01-14,2025-02-19,2025-01-27,Used,1.6
22,Wasteful,Meat,Chicken,2,2025-01-15,2025-01-17,2025-01-15,Used,3.0
22,Wasteful,Fruits,Banana,4,2025-01-16,2025-01-21,2025-01-21,Used,4.4
22,Wasteful,Grains,Wheat,1,2025-01-17,2025-03-21,,Wasted,0.8
22,Wasteful,Dairy,Cheese,5,2025-01-18,2025-01-25,,Wasted,6.5
22,Wasteful,Grains,Wheat,2,2025-01-19,2025-04-15,2025-03-09,Used,1.6
22,Wasteful,Vegetables,Potato,5,2025-01-20,2025-02-04,,Wasted,6.0
22,Wasteful,Fruits,Banana,5,2025-01-21,2025-01-24,,Wasted,5.5
22,Wasteful,Dairy,Cheese,3,2025-01-22,2025-02-03,,Wasted,3.9
22,Wasteful,Grains,Wheat,3,2025-01-23,2025-02-24,,Wasted,2.4
22,Wasteful,Fruits,Banana,5,2025-01-24,2025-01-26,2025-01-25,Used,5.5
22,Wasteful,Meat,Chicken,4,2025-01-25,2025-01-27,,Wasted,6.0
22,Wasteful,Vegetables,Potato,3,2025-01-26,2025-02-13,,Wasted,3.6
22,Wasteful,Fruits,Apple,2,2025-01-27,2025-02-05,2025-01-30,Used,2.2
22,Wasteful,Meat,Fish,4,2025-01-28,2025-01-30,2025-01-29,Used,6.0
22,Wasteful,Grains,Rice,4,2025-01-29,2025-03-27,2025-02-25,Used,3.2
22,Wasteful,Fruits,Apple,4,2025-01-30,2025-02-12,2025-02-08,Used,4.4
23,Careful,Fruits,Apple,3,2025-01-01,2025-01-10,,Wasted,3.3
23,Careful,Fruits,Banana,3,2025-01-02,2025-01-04,2025-01-04,Used,3.3
23,Careful,Vegetables,Potato,2,2025-01-03,2025-01-16,2025-01-07,Used,2.4
23,Careful,Meat,Chicken,5,2025-01-04,2025-01-07,2025-01-05,Used,7.5
23,Careful,Fruits,Apple,5,2025-01-05,2025-01-17,2025-01-15,Used,5.5
23,Careful,Meat,Chicken,1,2025-01-06,2025-01-08,2025-01-08,Used,1.5
23,Careful,Dairy,Milk,4,2025-01-07,2025-01-12,2025-01-12,Used,5.2
23,Careful,Grains,Wheat,3,2025-01-08,2025-02-13,2025-01-29,Used,2.4
23,Careful,Meat,Fish,4,2025-01-09,2025-01-11,2025-01-11,Used,6.0
23,Careful,Grains,Rice,4,2025-01-10,2025-03-07,2025-03-05,Used,3.2
23,Careful,Vegetables,Tomato,1,2025-01-11,2025-01-18,2025-01-11,Used,1.2
23,Careful,Vegetables,Potato,5,2025-01-12,2025-01-25,2025-01-19,Used,6.0
23,Careful,Fruits,Apple,3,2025-01-13,2025-01-27,2025-01-14,Used,3.3
23,Careful,Meat,Chicken,5,2025-01-14,2025-01-16,2025-01-15,Used,7.5
23,Careful,Fruits,Apple,3,2025-01-15,2025-01-24,2025-01-18,Used,3.3
23,Careful,Grains,Wheat,4,2025-01-16,2025-02-21,2025-01-23,Used,3.2
23,Careful,Vegetables,Potato,2,2025-01-17,2025-01-31,2025-01-21,Used,2.4
23,Careful,Dairy,Milk,5,2025-01-18,2025-01-23,2025-01-22,Used,6.5
23,Careful,Fruits,Apple,3,2025-01-19,2025-02-01,2025-01-30,Used,3.3
23,Careful,Vegetables,Tomato,3,2025-01-20,2025-01-27,2025-01-20,Used,3.6
23,Careful,Grains,Rice,3,2025-01-21,2025-02-28,2025-02-12,Used,2.4
23,Careful,Vegetables,Potato,4,2025-01-22,2025-02-01,2025-01-31,Used,4.8
23,Careful,Grains,Wheat,5,2025-01-23,2025-02-24,2025-02-04,Used,4.0
23,Careful,Meat,Fish,4,2025-01-24,2025-01-25,2025-01-24,Used,6.0
23,Careful,Fruits,Apple,3,2025-01-25,2025-02-07,2025-01-26,Used,3.3
23,Careful,Meat,Fish,4,2025-01-26,2025-01-28,2025-01-26,Used,6.0
23,Careful,Vegetables,Tomato,3,2025-01-27,2025-02-02,2025-01-31,Used,3.6
23,Careful,Meat,Fish,1,2025-01-28,2025-01-29,2025-01-28,Used,1.5
23,Careful,Meat,Fish,1,2025-01-29,2025-01-30,2025-01-30,Used,1.5
23,Careful,Grains,Rice,4,2025-01-30,2025-03-05,2025-02-10,Used,3.2
24,Wasteful,Vegetables,Potato,4,2025-01-01,2025-01-16,,Wasted,4.8
24,Wasteful,Dairy,Cheese,4,2025-01-02,2025-01-11,,Wasted,5.2
24,Wasteful,Dairy,Cheese,2,2025-01-03,2025-01-16,,Wasted,2.6
24,Wasteful,Fruits,Banana,2,2025-01-04,2025-01-09,2025-01-05,Used,2.2
24,Wasteful,Grains,Rice,4,2025-01-05,2025-02-28,2025-02-27,Used,3.2
24,Wasteful,Meat,Chicken,3,2025-01-06,2025-01-09,,Wasted,4.5
24,Wasteful,Vegetables,Tomato,3,2025-01-07,2025-01-12,2025-01-11,Used,3.6
24,Wasteful,Fruits,Banana,4,2025-01-08,2025-01-10,2025-01-10,Used,4.4
24,Wasteful,Fruits,Apple,3,2025-01-09,2025-01-23,2025-01-23,Used,3.3
24,Wasteful,Grains,Wheat,3,2025-01-10,2025-03-14,,Wasted,2.4
24,Wasteful,Fruits,Apple,2,2025-01-11,2025-01-19,,Wasted,2.2
24,Wasteful,Vegetables,Tomato,2,2025-01-12,2025-01-19,2025-01-16,Used,2.4
24,Wasteful,Dairy,Milk,4,2025-01-13,2025-01-18,2025-01-18,Used,5.2
24,Wasteful,Dairy,Milk,2,2025-01-14,2025-01-19,,Wasted,2.6
24,Wasteful,Fruits,Banana,4,2025-01-15,2025-01-17,,Wasted,4.4
24,Wasteful,Dairy,Cheese,4,2025-01-16,2025-01-23,2025-01-22,Used,5.2
24,Wasteful,Meat,Chicken,3,2025-01-17,2025-01-19,2025-01-18,Used,4.5
24,Wasteful,Vegetables,Potato,4,2025-01-18,2025-02-02,2025-01-22,Used,4.8
24,Wasteful,Grains,Rice,3,2025-01-19,2025-03-11,,Wasted,2.4
24,Wasteful,Dairy,Milk,4,2025-01-20,2025-01-25,2025-01-25,Used,5.2
24,Wasteful,Grains,Rice,3,2025-01-21,2025-03-05,2025-02-15,Used,2.4
24,Wasteful,Fruits,Apple,3,2025-01-22,2025-01-30,2025-01-27,Used,3.3
24,Wasteful,Fruits,Banana,4,2025-01-23,2025-01-26,,Wasted,4.4
24,Wasteful,Meat,Fish,5,2025-01-24,2025-01-26,,Wasted,7.5
24,Wasteful,Vegetables,Tomato,4,2025-01-25,2025-01-30,,Wasted,4.8
24,Wasteful,Vegetables,Potato,5,2025-01-26,2025-02-06,2025-01-31,Used,6.0
24,Wasteful,Meat,Chicken,1,2025-01-27,2025-01-29,2025-01-28,Used,1.5
24,Wasteful,Dairy,Milk,5,2025-01-28,2025-01-31,,Wasted,6.5
24,Wasteful,Grains,Rice,3,2025-01-29,2025-03-23,,Wasted,2.4
24,Wasteful,Fruits,Banana,3,2025-01-30,2025-02-02,2025-01-31,Used,3.3
25,Wasteful,Fruits,Banana,2,2025-01-01,2025-01-05,,Wasted,2.2
25,Wasteful,Dairy,Milk,4,2025-01-02,2025-01-05,2025-01-05,Used,5.2
25,Wasteful,Meat,Fish,5,2025-01-03,2025-01-04,2025-01-04,Used,7.5
25,Wasteful,Grains,Rice,2,2025-01-04,2025-02-04,2025-01-06,Used,1.6
25,Wasteful,Meat,Fish,2,2025-01-05,2025-01-06,,Wasted,3.0
25,Wasteful,Meat,Chicken,1,2025-01-06,2025-01-08,2025-01-07,Used,1.5
25,Wasteful,Dairy,Cheese,1,2025-01-07,2025-01-14,2025-01-14,Used,1.3
25,Wasteful,Dairy,Cheese,3,2025-01-08,2025-01-17,2025-01-17,Used,3.9
25,Wasteful,Grains,Rice,3,2025-01-09,2025-03-08,2025-01-24,Used,2.4
25,Wasteful,Vegetables,Potato,4,2025-01-10,2025-01-26,2025-01-12,Used,4.8
25,Wasteful,Vegetables,Tomato,5,2025-01-11,2025-01-18,2025-01-15,Used,6.0
25,Wasteful,Vegetables,Potato,1,2025-01-12,2025-01-31,2025-01-27,Used,1.2
25,Wasteful,Vegetables,Potato,1,2025-01-13,2025-01-27,,Wasted,1.2
25,Wasteful,Meat,Fish,3,2025-01-14,2025-01-16,2025-01-16,Used,4.5
25,Wasteful,Grains,Rice,5,2025-01-15,2025-03-11,,Wasted,4.0
25,Wasteful,Grains,Wheat,2,2025-01-16,2025-03-22,2025-01-16,Used,1.6
25,Wasteful,Grains,Rice,4,2025-01-17,2025-03-03,2025-02-07,Used,3.2
25,Wasteful,Fruits,Banana,5,2025-01-18,2025-01-23,2025-01-18,Used,5.5
25,Wasteful,Grains,Wheat,2,2025-01-19,2025-03-17,2025-02-25,Used,1.6
25,Wasteful,Vegetables,Potato,2,2025-01-20,2025-02-09,,Wasted,2.4
25,Wasteful,Meat,Chicken,4,2025-01-21,2025-01-24,2025-01-22,Used,6.0
25,Wasteful,Grains,Rice,1,2025-01-22,2025-03-23,,Wasted,0.8
25,Wasteful,Dairy,Cheese,3,2025-01-23,2025-02-05,2025-02-02,Used,3.9
25,Wasteful,Grains,Rice,2,2025-01-24,2025-02-23,2025-02-10,Used,1.6
25,Wasteful,Fruits,Apple,1,2025-01-25,2025-02-06,2025-01-26,Used,1.1
25,Wasteful,Grains,Wheat,4,2025-01-26,2025-04-24,,Wasted,3.2
25,Wasteful,Grains,Wheat,5,2025-01-27,2025-03-21,,Wasted,4.0
25,Wasteful,Dairy,Cheese,5,2025-01-28,2025-02-05,,Wasted,6.5
25,Wasteful,Meat,Chicken,1,2025-01-29,2025-01-31,2025-01-30,Used,1.5
25,Wasteful,Vegetables,Tomato,5,2025-01-30,2025-02-02,,Wasted,6.0
26,Wasteful,Grains,Wheat,3,2025-01-01,2025-02-09,,Wasted,2.4
26,Wasteful,Grains,Rice,3,2025-01-02,2025-02-08,2025-01-20,Used,2.4
26,Wasteful,Vegetables,Potato,1,2025-01-03,2025-01-22,2025-01-11,Used,1.2
26,Wasteful,Meat,Fish,4,2025-01-04,2025-01-05,,Wasted,6.0
26,Wasteful,Vegetables,Potato,1,2025-01-05,2025-01-22,2025-01-06,Used,1.2
26,Wasteful,Vegetables,Potato,3,2025-01-06,2025-01-26,,Wasted,3.6
26,Wasteful,Dairy,Cheese,3,2025-01-07,2025-01-18,2025-01-15,Used,3.9
26,Wasteful,Dairy,Cheese,2,2025-01-08,2025-01-22,,Wasted,2.6
26,Wasteful,Fruits,Banana,2,2025-01-09,2025-01-11,2025-01-09,Used,2.2
26,Wasteful,Grains,Wheat,5,2025-01-10,2025-04-07,2025-03-13,Used,4.0
26,Wasteful,Fruits,Banana,3,2025-01-11,2025-01-15,,Wasted,3.3
26,Wasteful,Dairy,Cheese,1,2025-01-12,2025-01-24,2025-01-22,Used,1.3
26,Wasteful,Fruits,Apple,1,2025-01-13,2025-01-24,,Wasted,1.1
26,Wasteful,Fruits,Apple,3,2025-01-14,2025-01-28,,Wasted,3.3
26,Wasteful,Meat,Fish,4,2025-01-15,2025-01-17,2025-01-17,Used,6.0
26,Wasteful,Dairy,Milk,2,2025-01-16,2025-01-20,,Wasted,2.6
26,Wasteful,Fruits,Apple,2,2025-01-17,2025-01-25,2025-01-18,Used,2.2
26,Wasteful,Fruits,Apple,3,2025-01-18,2025-02-01,,Wasted,3.3
26,Wasteful,Dairy,Cheese,5,2025-01-19,2025-01-27,2025-01-20,Used,6.5
26,Wasteful,Grains,Wheat,4,2025-01-20,2025-04-10,,Wasted,3.2
26,Wasteful,Grains,Wheat,3,2025-01-21,2025-03-19,2025-01-22,Used,2.4
26,Wasteful,Dairy,Cheese,1,2025-01-22,2025-02-04,2025-02-04,Used,1.3
26,Wasteful,Meat,Fish,1,2025-01-23,2025-01-24,2025-01-23,Used,1.5
26,Wasteful,Vegetables,Potato,2,2025-01-24,2025-02-08,,Wasted,2.4
26,Wasteful,Fruits,Apple,3,2025-01-25,2025-02-06,,Wasted,3.3
26,Wasteful,Fruits,Apple,4,2025-01-26,2025-02-02,,Wasted,4.4
26,Wasteful,Grains,Rice,4,2025-01-27,2025-03-02,2025-02-05,Used,3.2
26,Wasteful,Meat,Fish,1,2025-01-28,2025-01-29,,Wasted,1.5
26,Wasteful,Dairy,Milk,5,2025-01-29,2025-02-02,2025-02-01,Used,6.5
26,Wasteful,Fruits,Apple,4,2025-01-30,2025-02-10,2025-01-31,Used,4.4
27,Wasteful,Fruits,Banana,4,2025-01-01,2025-01-06,2025-01-01,Used,4.4
27,Wasteful,Meat,Chicken,5,2025-01-02,2025-01-05,2025-01-02,Used,7.5
27,Wasteful,Grains,Rice,3,2025-01-03,2025-02-17,,Wasted,2.4
27,Wasteful,Vegetables,Potato,1,2025-01-04,2025-01-15,,Wasted,1.2
27,Wasteful,Vegetables,Potato,4,2025-01-05,2025-01-18,,Wasted,4.8
27,Wasteful,Fruits,Banana,4,2025-01-06,2025-01-08,2025-01-08,Used,4.4
27,Wasteful,Dairy,Cheese,4,2025-01-07,2025-01-15,,Wasted,5.2
27,Wasteful,Vegetables,Tomato,5,2025-01-08,2025-01-12,,Wasted,6.0
27,Wasteful,Dairy,Milk,3,2025-01-09,2025-01-13,,Wasted,3.9
27,Wasteful,Vegetables,Potato,4,2025-01-10,2025-01-23,2025-01-13,Used,4.8
27,Wasteful,Fruits,Apple,4,2025-01-11,2025-01-25,,Wasted,4.4
27,Wasteful,Grains,Wheat,1,2025-01-12,2025-03-01,2025-01-22,Used,0.8
27,Wasteful,Dairy,Milk,5,2025-01-13,2025-01-16,2025-01-16,Used,6.5
27,Wasteful,Meat,Fish,3,2025-01-14,2025-01-16,2025-01-14,Used,4.5
27,Wasteful,Vegetables,Tomato,1,2025-01-15,2025-01-19,,Wasted,1.2
27,Wasteful,Meat,Chicken,4,2025-01-16,2025-01-19,2025-01-16,Used,6.0
27,Wasteful,Fruits,Apple,4,2025-01-17,2025-01-28,2025-01-26,Used,4.4
27,Wasteful,Vegetables,Potato,4,2025-01-18,2025-02-06,2025-01-24,Used,4.8
27,Wasteful,Dairy,Milk,1,2025-01-19,2025-01-23,,Wasted,1.3
27,Wasteful,Dairy,Cheese,2,2025-01-20,2025-01-31,2025-01-27,Used,2.6
27,Wasteful,Grains,Rice,3,2025-01-21,2025-03-11,,Wasted,2.4
27,Wasteful,Vegetables,Potato,4,2025-01-22,2025-02-11,,Wasted,4.8
27,Wasteful,Meat,Fish,2,2025-01-23,2025-01-24,2025-01-23,Used,3.0
27,Wasteful,Fruits,Apple,2,2025-01-24,2025-02-02,,Wasted,2.2
27,Wasteful,Dairy,Cheese,4,2025-01-25,2025-02-02,,Wasted,5.2
27,Wasteful,Vegetables,Potato,4,2025-01-26,2025-02-14,2025-02-10,Used,4.8
27,Wasteful,Grains,Rice,4,2025-01-27,2025-02-26,2025-02-14,Used,3.2
27,Wasteful,Grains,Wheat,5,2025-01-28,2025-03-20,,Wasted,4.0
27,Wasteful,Vegetables,Potato,2,2025-01-29,2025-02-11,,Wasted,2.4
27,Wasteful,Fruits,Apple,2,2025-01-30,2025-02-11,,Wasted,2.2
28,Wasteful,Dairy,Cheese,2,2025-01-01,2025-01-14,,Wasted,2.6
28,Wasteful,Grains,Rice,1,2025-01-02,2025-02-04,,Wasted,0.8
28,Wasteful,Dairy,Cheese,2,2025-01-03,2025-01-11,2025-01-08,Used,2.6
28,Wasteful,Dairy,Milk,2,2025-01-04,2025-01-08,,Wasted,2.6
28,Wasteful,Dairy,Cheese,1,2025-01-05,2025-01-18,,Wasted,1.3
28,Wasteful,Dairy,Milk,5,2025-01-06,2025-01-10,2025-01-10,Used,6.5
28,Wasteful,Meat,Chicken,1,2025-01-07,2025-01-10,2025-01-07,Used,1.5
28,Wasteful,Vegetables,Tomato,3,2025-01-08,2025-01-15,,Wasted,3.6
28,Wasteful,Dairy,Cheese,1,2025-01-09,2025-01-17,2025-01-13,Used,1.3
28,Wasteful,Dairy,Milk,2,2025-01-10,2025-01-15,,Wasted,2.6
28,Wasteful,Grains,Rice,5,2025-01-11,2025-02-19,,Wasted,4.0
28,Wasteful,Dairy,Milk,3,2025-01-12,2025-01-15,2025-01-15,Used,3.9
28,Wasteful,Grains,Wheat,5,2025-01-13,2025-04-06,2025-02-24,Used,4.0
28,Wasteful,Fruits,Banana,1,2025-01-14,2025-01-18,,Wasted,1.1
28,Wasteful,Meat,Fish,4,2025-01-15,2025-01-17,,Wasted,6.0
28,Wasteful,Meat,Chicken,5,2025-01-16,2025-01-19,2025-01-16,Used,7.5
28,Wasteful,Grains,Rice,5,2025-01-17,2025-03-05,,Wasted,4.0
28,Wasteful,Vegetables,Tomato,1,2025-01-18,2025-01-22,2025-01-22,Used,1.2
28,Wasteful,Vegetables,Potato,2,2025-01-19,2025-01-30,2025-01-22,Used,2.4
28,Wasteful,Vegetables,Tomato,3,2025-01-20,2025-01-26,,Wasted,3.6
28,Wasteful,Fruits,Apple,3,2025-01-21,2025-01-30,2025-01-21,Used,3.3
28,Wasteful,Vegetables,Tomato,2,2025-01-22,2025-01-26,,Wasted,2.4
28,Wasteful,Fruits,Banana,1,2025-01-23,2025-01-27,2025-01-26,Used,1.1
28,Wasteful,Fruits,Apple,4,2025-01-24,2025-02-07,,Wasted,4.4
28,Wasteful,Dairy,Cheese,5,2025-01-25,2025-02-07,2025-02-03,Used,6.5
28,Wasteful,Vegetables,Potato,4,2025-01-26,2025-02-06,2025-01-28,Used,4.8
28,Wasteful,Vegetables,Tomato,1,2025-01-27,2025-02-02,,Wasted,1.2
28,Wasteful,Vegetables,Potato,2,2025-01-28,2025-02-07,,Wasted,2.4
28,Wasteful,Grains,Rice,2,2025-01-29,2025-03-15,,Wasted,1.6
28,Wasteful,Vegetables,Potato,1,2025-01-30,2025-02-13,,Wasted,1.2
29,Average,Vegetables,Tomato,2,2025-01-01,2025-01-07,2025-01-02,Used,2.4
29,Average,Fruits,Apple,5,2025-01-02,2025-01-13,2025-01-02,Used,5.5
29,Average,Vegetables,Potato,1,2025-01-03,2025-01-13,,Wasted,1.2
29,Average,Fruits,Apple,3,2025-01-04,2025-01-14,2025-01-12,Used,3.3
29,Average,Vegetables,Tomato,1,2025-01-05,2025-01-09,2025-01-07,Used,1.2
29,Average,Vegetables,Potato,5,2025-01-06,2025-01-18,2025-01-11,Used,6.0
29,Average,Dairy,Cheese,2,2025-01-07,2025-01-20,2025-01-13,Used,2.6
29,Average,Grains,Rice,4,2025-01-08,2025-03-01,2025-02-12,Used,3.2
29,Average,Grains,Rice,3,2025-01-09,2025-02-15,,Wasted,2.4
29,Average,Vegetables,Tomato,3,2025-01-10,2025-01-14,,Wasted,3.6
29,Average,Fruits,Banana,1,2025-01-11,2025-01-14,2025-01-11,Used,1.1
29,Average,Meat,Fish,5,2025-01-12,2025-01-13,,Wasted,7.5
29,Average,Dairy,Cheese,2,2025-01-13,2025-01-27,2025-01-17,Used,2.6
29,Average,Fruits,Banana,1,2025-01-14,2025-01-18,2025-01-17,Used,1.1
29,Average,Dairy,Cheese,4,2025-01-15,2025-01-28,2025-01-19,Used,5.2
29,Average,Grains,Wheat,5,2025-01-16,2025-03-29,2025-02-10,Used,4.0
29,Average,Fruits,Apple,3,2025-01-17,2025-01-25,2025-01-20,Used,3.3
29,Average,Fruits,Apple,4,2025-01-18,2025-01-25,2025-01-22,Used,4.4
29,Average,Fruits,Banana,2,2025-01-19,2025-01-22,2025-01-19,Used,2.2
29,Average,Meat,Chicken,2,2025-01-20,2025-01-23,2025-01-20,Used,3.0
29,Average,Fruits,Apple,3,2025-01-21,2025-02-02,,Wasted,3.3
29,Average,Fruits,Apple,4,2025-01-22,2025-02-03,2025-01-23,Used,4.4
29,Average,Grains,Rice,5,2025-01-23,2025-03-09,2025-01-30,Used,4.0
29,Average,Dairy,Milk,3,2025-01-24,2025-01-28,2025-01-24,Used,3.9
29,Average,Fruits,Banana,3,2025-01-25,2025-01-29,2025-01-26,Used,3.3
29,Average,Grains,Rice,3,2025-01-26,2025-03-10,2025-02-26,Used,2.4
29,Average,Grains,Wheat,2,2025-01-27,2025-03-20,2025-02-27,Used,1.6
29,Average,Meat,Chicken,3,2025-01-28,2025-01-30,,Wasted,4.5
29,Average,Fruits,Apple,5,2025-01-29,2025-02-10,,Wasted,5.5
29,Average,Dairy,Cheese,2,2025-01-30,2025-02-13,2025-02-13,Used,2.6
30,Wasteful,Dairy,Cheese,1,2025-01-01,2025-01-14,,Wasted,1.3
30,Wasteful,Grains,Rice,3,2025-01-02,2025-02-07,,Wasted,2.4
30,Wasteful,Dairy,Milk,5,2025-01-03,2025-01-07,2025-01-03,Used,6.5
30,Wasteful,Grains,Rice,4,2025-01-04,2025-02-23,,Wasted,3.2
30,Wasteful,Meat,Fish,1,2025-01-05,2025-01-07,,Wasted,1.5
30,Wasteful,Fruits,Banana,4,2025-01-06,2025-01-08,,Wasted,4.4
30,Wasteful,Grains,Rice,1,2025-01-07,2025-03-03,,Wasted,0.8
30,Wasteful,Vegetables,Tomato,4,2025-01-08,2025-01-13,2025-01-09,Used,4.8
30,Wasteful,Grains,Rice,2,2025-01-09,2025-02-27,2025-02-23,Used,1.6
30,Wasteful,Dairy,Cheese,2,2025-01-10,2025-01-24,,Wasted,2.6
30,Wasteful,Grains,Rice,3,2025-01-11,2025-02-15,2025-01-23,Used,2.4
30,Wasteful,Meat,Fish,1,2025-01-12,2025-01-14,2025-01-12,Used,1.5
30,Wasteful,Meat,Chicken,2,2025-01-13,2025-01-15,2025-01-14,Used,3.0
30,Wasteful,Dairy,Milk,2,2025-01-14,2025-01-19,2025-01-14,Used,2.6
30,Wasteful,Fruits,Apple,5,2025-01-15,2025-01-28,2025-01-21,Used,5.5
30,Wasteful,Vegetables,Potato,1,2025-01-16,2025-01-28,2025-01-21,Used,1.2
30,Wasteful,Dairy,Milk,5,2025-01-17,2025-01-21,,Wasted,6.5
30,Wasteful,Grains,Wheat,5,2025-01-18,2025-02-17,2025-02-13,Used,4.0
30,Wasteful,Vegetables,Potato,2,2025-01-19,2025-02-04,2025-01-19,Used,2.4
30,Wasteful,Grains,Rice,5,2025-01-20,2025-03-09,2025-01-21,Used,4.0
30,Wasteful,Dairy,Milk,1,2025-01-21,2025-01-25,,Wasted,1.3
30,Wasteful,Fruits,Banana,4,2025-01-22,2025-01-26,,Wasted,4.4
30,Wasteful,Vegetables,Potato,1,2025-01-23,2025-02-09,,Wasted,1.2
30,Wasteful,Dairy,Milk,2,2025-01-24,2025-01-27,2025-01-25,Used,2.6
30,Wasteful,Fruits,Banana,1,2025-01-25,2025-01-29,,Wasted,1.1
30,Wasteful,Vegetables,Potato,3,2025-01-26,2025-02-15,2025-01-30,Used,3.6
30,Wasteful,Meat,Chicken,3,2025-01-27,2025-01-30,2025-01-27,Used,4.5
30,Wasteful,Fruits,Banana,5,2025-01-28,2025-02-02,2025-02-01,Used,5.5
30,Wasteful,Dairy,Milk,2,2025-01-29,2025-02-03,,Wasted,2.6
30,Wasteful,Vegetables,Tomato,1,2025-01-30,2025-02-04,,Wasted,1.2
31,Average,Meat,Fish,1,2025-01-01,2025-01-03,,Wasted,1.5
31,Average,Grains,Rice,1,2025-01-02,2025-02-05,2025-01-19,Used,0.8
31,Average,Fruits,Banana,1,2025-01-03,2025-01-05,2025-01-05,Used,1.1
31,Average,Dairy,Milk,2,2025-01-04,2025-01-08,2025-01-05,Used,2.6
31,Average,Vegetables,Potato,3,2025-01-05,2025-01-19,2025-01-14,Used,3.6
31,Average,Meat,Chicken,1,2025-01-06,2025-01-08,2025-01-08,Used,1.5
31,Average,Dairy,Cheese,2,2025-01-07,2025-01-14,2025-01-09,Used,2.6
31,Average,Vegetables,Tomato,1,2025-01-08,2025-01-11,,Wasted,1.2
31,Average,Dairy,Cheese,3,2025-01-09,2025-01-21,2025-01-19,Used,3.9
31,Average,Grains,Wheat,1,2025-01-10,2025-03-10,,Wasted,0.8
31,Average,Vegetables,Tomato,2,2025-01-11,2025-01-18,2025-01-14,Used,2.4
31,Average,Dairy,Milk,5,2025-01-12,2025-01-16,2025-01-16,Used,6.5
31,Average,Dairy,Milk,3,2025-01-13,2025-01-16,2025-01-15,Used,3.9
31,Average,Meat,Chicken,4,2025-01-14,2025-01-17,,Wasted,6.0
31,Average,Fruits,Banana,4,2025-01-15,2025-01-20,2025-01-16,Used,4.4
31,Average,Grains,Wheat,5,2025-01-16,2025-03-13,,Wasted,4.0
31,Average,Dairy,Milk,1,2025-01-17,2025-01-22,2025-01-22,Used,1.3
31,Average,Vegetables,Tomato,3,2025-01-18,2025-01-21,2025-01-21,Used,3.6
31,Average,Dairy,Cheese,2,2025-01-19,2025-02-02,,Wasted,2.6
31,Average,Fruits,Apple,5,2025-01-20,2025-01-28,2025-01-27,Used,5.5
31,Average,Vegetables,Tomato,2,2025-01-21,2025-01-28,,Wasted,2.4
31,Average,Meat,Fish,1,2025-01-22,2025-01-23,2025-01-22,Used,1.5
31,Average,Meat,Chicken,3,2025-01-23,2025-01-25,2025-01-23,Used,4.5
31,Average,Dairy,Milk,1,2025-01-24,2025-01-29,,Wasted,1.3
31,Average,Vegetables,Tomato,1,2025-01-25,2025-01-29,2025-01-25,Used,1.2
31,Average,Dairy,Milk,4,2025-01-26,2025-01-30,2025-01-29,Used,5.2
31,Average,Grains,Rice,4,2025-01-27,2025-03-24,2025-02-18,Used,3.2
31,Average,Vegetables,Potato,5,2025-01-28,2025-02-15,,Wasted,6.0
31,Average,Dairy,Milk,3,2025-01-29,2025-02-02,2025-02-02,Used,3.9
31,Average,Dairy,Milk,3,2025-01-30,2025-02-02,,Wasted,3.9
32,Wasteful,Fruits,Apple,3,2025-01-01,2025-01-12,,Wasted,3.3
32,Wasteful,Dairy,Milk,2,2025-01-02,2025-01-05,,Wasted,2.6
32,Wasteful,Dairy,Cheese,5,2025-01-03,2025-01-17,,Wasted,6.5
32,Wasteful,Vegetables,Tomato,3,2025-01-04,2025-01-07,,Wasted,3.6
32,Wasteful,Dairy,Cheese,1,2025-01-05,2025-01-18,,Wasted,1.3
32,Wasteful,Dairy,Cheese,5,2025-01-06,2025-01-20,2025-01-06,Used,6.5
32,Wasteful,Fruits,Banana,5,2025-01-07,2025-01-11,2025-01-07,Used,5.5
32,Wasteful,Grains,Wheat,5,2025-01-08,2025-02-13,,Wasted,4.0
32,Wasteful,Vegetables,Tomato,1,2025-01-09,2025-01-13,2025-01-09,Used,1.2
32,Wasteful,Vegetables,Tomato,4,2025-01-10,2025-01-16,2025-01-12,Used,4.8
32,Wasteful,Fruits,Apple,2,2025-01-11,2025-01-18,,Wasted,2.2
32,Wasteful,Fruits,Apple,4,2025-01-12,2025-01-19,,Wasted,4.4
32,Wasteful,Vegetables,Tomato,5,2025-01-13,2025-01-18,,Wasted,6.0
32,Wasteful,Dairy,Cheese,1,2025-01-14,2025-01-25,,Wasted,1.3
32,Wasteful,Fruits,Apple,2,2025-01-15,2025-01-25,2025-01-15,Used,2.2
32,Wasteful,Vegetables,Tomato,4,2025-01-16,2025-01-19,,Wasted,4.8
32,Wasteful,Dairy,Milk,3,2025-01-17,2025-01-21,2025-01-19,Used,3.9
32,Wasteful,Vegetables,Potato,3,2025-01-18,2025-02-03,2025-01-21,Used,3.6
32,Wasteful,Dairy,Cheese,4,2025-01-19,2025-02-01,2025-01-21,Used,5.2
32,Wasteful,Vegetables,Potato,2,2025-01-20,2025-02-05,,Wasted,2.4
32,Wasteful,Meat,Fish,5,2025-01-21,2025-01-22,2025-01-21,Used,7.5
32,Wasteful,Fruits,Banana,3,2025-01-22,2025-01-27,2025-01-26,Used,3.3
32,Wasteful,Meat,Fish,4,2025-01-23,2025-01-25,,Wasted,6.0
32,Wasteful,Fruits,Apple,4,2025-01-24,2025-02-02,,Wasted,4.4
32,Wasteful,Meat,Chicken,5,2025-01-25,2025-01-28,,Wasted,7.5
32,Wasteful,Fruits,Apple,3,2025-01-26,2025-02-09,2025-02-01,Used,3.3
32,Wasteful,Vegetables,Potato,3,2025-01-27,2025-02-14,,Wasted,3.6
32,Wasteful,Fruits,Banana,3,2025-01-28,2025-02-01,,Wasted,3.3
32,Wasteful,Vegetables,Potato,3,2025-01-29,2025-02-08,2025-01-31,Used,3.6
32,Wasteful,Dairy,Milk,1,2025-01-30,2025-02-03,,Wasted,1.3
33,Average,Fruits,Apple,2,2025-01-01,2025-01-13,2025-01-08,Used,2.2
33,Average,Dairy,Cheese,5,2025-01-02,2025-01-14,,Wasted,6.5
33,Average,Meat,Chicken,1,2025-01-03,2025-01-06,,Wasted,1.5
33,Average,Dairy,Milk,4,2025-01-04,2025-01-07,,Wasted,5.2
33,Average,Grains,Wheat,2,2025-01-05,2025-03-20,2025-01-10,Used,1.6
33,Average,Vegetables,Tomato,4,2025-01-06,2025-01-12,2025-01-12,Used,4.8
33,Average,Vegetables,Potato,5,2025-01-07,2025-01-23,2025-01-13,Used,6.0
33,Average,Meat,Fish,4,2025-01-08,2025-01-10,2025-01-09,Used,6.0
33,Average,Meat,Fish,5,2025-01-09,2025-01-10,,Wasted,7.5
33,Average,Dairy,Cheese,2,2025-01-10,2025-01-21,2025-01-16,Used,2.6
33,Average,Grains,Rice,5,2025-01-11,2025-03-04,2025-01-17,Used,4.0
33,Average,Meat,Fish,4,2025-01-12,2025-01-13,2025-01-13,Used,6.0
33,Average,Fruits,Apple,5,2025-01-13,2025-01-24,2025-01-20,Used,5.5
33,Average,Dairy,Milk,3,2025-01-14,2025-01-18,2025-01-17,Used,3.9
33,Average,Meat,Fish,5,2025-01-15,2025-01-16,2025-01-15,Used,7.5
33,Average,Grains,Wheat,2,2025-01-16,2025-02-16,,Wasted,1.6
33,Average,Vegetables,Potato,3,2025-01-17,2025-02-06,,Wasted,3.6
33,Average,Fruits,Apple,4,2025-01-18,2025-01-26,,Wasted,4.4
33,Average,Grains,Rice,3,2025-01-19,2025-03-17,2025-03-16,Used,2.4
33,Average,Meat,Chicken,1,2025-01-20,2025-01-23,2025-01-20,Used,1.5
33,Average,Vegetables,Potato,1,2025-01-21,2025-02-02,2025-01-27,Used,1.2
33,Average,Vegetables,Potato,4,2025-01-22,2025-02-09,2025-01-22,Used,4.8
33,Average,Grains,Wheat,4,2025-01-23,2025-03-02,2025-01-27,Used,3.2
33,Average,Fruits,Banana,2,2025-01-24,2025-01-26,2025-01-26,Used,2.2
33,Average,Grains,Wheat,1,2025-01-25,2025-04-19,2025-02-05,Used,0.8
33,Average,Vegetables,Potato,1,2025-01-26,2025-02-08,2025-02-01,Used,1.2
33,Average,Meat,Chicken,4,2025-01-27,2025-01-29,2025-01-29,Used,6.0
33,Average,Fruits,Banana,5,2025-01-28,2025-02-01,,Wasted,5.5
33,Average,Meat,Chicken,2,2025-01-29,2025-01-31,,Wasted,3.0
33,Average,Dairy,Milk,4,2025-01-30,2025-02-02,2025-01-30,Used,5.2
34,Wasteful,Meat,Fish,5,2025-01-01,2025-01-02,2025-01-01,Used,7.5
34,Wasteful,Vegetables,Potato,4,2025-01-02,2025-01-12,2025-01-03,Used,4.8
34,Wasteful,Dairy,Milk,5,2025-01-03,2025-01-07,,Wasted,6.5
34,Wasteful,Dairy,Milk,2,2025-01-04,2025-01-07,2025-01-06,Used,2.6
34,Wasteful,Fruits,Banana,1,2025-01-05,2025-01-08,,Wasted,1.1
34,Wasteful,Meat,Fish,4,2025-01-06,2025-01-07,2025-01-06,Used,6.0
34,Wasteful,Dairy,Cheese,2,2025-01-07,2025-01-18,2025-01-17,Used,2.6
34,Wasteful,Fruits,Apple,2,2025-01-08,2025-01-22,2025-01-10,Used,2.2
34,Wasteful,Fruits,Apple,1,2025-01-09,2025-01-20,2025-01-17,Used,1.1
34,Wasteful,Dairy,Cheese,5,2025-01-10,2025-01-22,,Wasted,6.5
34,Wasteful,Vegetables,Tomato,4,2025-01-11,2025-01-14,,Wasted,4.8
34,Wasteful,Vegetables,Tomato,4,2025-01-12,2025-01-15,2025-01-12,Used,4.8
34,Wasteful,Grains,Wheat,2,2025-01-13,2025-03-16,,Wasted,1.6
34,Wasteful,Meat,Fish,2,2025-01-14,2025-01-15,2025-01-14,Used,3.0
34,Wasteful,Vegetables,Tomato,3,2025-01-15,2025-01-22,,Wasted,3.6
34,Wasteful,Fruits,Apple,4,2025-01-16,2025-01-29,2025-01-24,Used,4.4
34,Wasteful,Fruits,Banana,1,2025-01-17,2025-01-22,,Wasted,1.1
34,Wasteful,Grains,Rice,4,2025-01-18,2025-03-08,,Wasted,3.2
34,Wasteful,Dairy,Cheese,5,2025-01-19,2025-02-02,2025-01-27,Used,6.5
34,Wasteful,Meat,Fish,2,2025-01-20,2025-01-22,,Wasted,3.0
34,Wasteful,Vegetables,Tomato,4,2025-01-21,2025-01-27,,Wasted,4.8
34,Wasteful,Vegetables,Potato,4,2025-01-22,2025-02-05,,Wasted,4.8
34,Wasteful,Grains,Rice,3,2025-01-23,2025-03-03,2025-02-25,Used,2.4
34,Wasteful,Vegetables,Tomato,1,2025-01-24,2025-01-31,2025-01-25,Used,1.2
34,Wasteful,Vegetables,Tomato,5,2025-01-25,2025-02-01,,Wasted,6.0
34,Wasteful,Grains,Rice,5,2025-01-26,2025-03-18,,Wasted,4.0
34,Wasteful,Vegetables,Potato,3,2025-01-27,2025-02-09,,Wasted,3.6
34,Wasteful,Fruits,Apple,4,2025-01-28,2025-02-04,,Wasted,4.4
34,Wasteful,Dairy,Cheese,4,2025-01-29,2025-02-05,,Wasted,5.2
34,Wasteful,Vegetables,Tomato,1,2025-01-30,2025-02-05,,Wasted,1.2
35,Average,Fruits,Apple,2,2025-01-01,2025-01-09,2025-01-01,Used,2.2
35,Average,Meat,Fish,4,2025-01-02,2025-01-04,2025-01-02,Used,6.0
35,Average,Vegetables,Potato,5,2025-01-03,2025-01-20,2025-01-20,Used,6.0
35,Average,Grains,Wheat,3,2025-01-04,2025-03-15,2025-02-02,Used,2.4
35,Average,Vegetables,Potato,1,2025-01-05,2025-01-25,2025-01-08,Used,1.2
35,Average,Vegetables,Tomato,1,2025-01-06,2025-01-13,2025-01-10,Used,1.2
35,Average,Meat,Chicken,4,2025-01-07,2025-01-09,2025-01-07,Used,6.0
35,Average,Grains,Rice,5,2025-01-08,2025-02-11,2025-01-13,Used,4.0
35,Average,Fruits,Apple,4,2025-01-09,2025-01-22,2025-01-13,Used,4.4
35,Average,Vegetables,Tomato,4,2025-01-10,2025-01-15,2025-01-10,Used,4.8
35,Average,Dairy,Cheese,3,2025-01-11,2025-01-20,2025-01-13,Used,3.9
35,Average,Grains,Rice,1,2025-01-12,2025-02-25,,Wasted,0.8
35,Average,Meat,Chicken,5,2025-01-13,2025-01-16,,Wasted,7.5
35,Average,Vegetables,Tomato,3,2025-01-14,2025-01-20,,Wasted,3.6
35,Average,Grains,Wheat,4,2025-01-15,2025-02-21,,Wasted,3.2
35,Average,Grains,Wheat,5,2025-01-16,2025-04-13,2025-04-03,Used,4.0
35,Average,Fruits,Apple,2,2025-01-17,2025-01-29,2025-01-24,Used,2.2
35,Average,Fruits,Apple,2,2025-01-18,2025-01-30,2025-01-30,Used,2.2
35,Average,Vegetables,Tomato,5,2025-01-19,2025-01-22,2025-01-19,Used,6.0
35,Average,Dairy,Cheese,5,2025-01-20,2025-01-27,,Wasted,6.5
35,Average,Vegetables,Potato,5,2025-01-21,2025-02-10,2025-02-05,Used,6.0
35,Average,Meat,Chicken,5,2025-01-22,2025-01-24,2025-01-23,Used,7.5
35,Average,Meat,Chicken,2,2025-01-23,2025-01-26,2025-01-23,Used,3.0
35,Average,Vegetables,Potato,2,2025-01-24,2025-02-12,2025-01-28,Used,2.4
35,Average,Fruits,Apple,2,2025-01-25,2025-02-04,,Wasted,2.2
35,Average,Meat,Chicken,2,2025-01-26,2025-01-29,,Wasted,3.0
35,Average,Meat,Chicken,3,2025-01-27,2025-01-29,2025-01-28,Used,4.5
35,Average,Meat,Chicken,3,2025-01-28,2025-01-31,2025-01-29,Used,4.5
35,Average,Dairy,Milk,1,2025-01-29,2025-02-03,,Wasted,1.3
35,Average,Grains,Rice,4,2025-01-30,2025-03-04,2025-02-18,Used,3.2
36,Wasteful,Grains,Rice,5,2025-01-01,2025-02-11,,Wasted,4.0
36,Wasteful,Grains,Rice,2,2025-01-02,2025-02-20,,Wasted,1.6
36,Wasteful,Dairy,Milk,3,2025-01-03,2025-01-07,,Wasted,3.9
36,Wasteful,Meat,Chicken,3,2025-01-04,2025-01-06,,Wasted,4.5
36,Wasteful,Meat,Chicken,2,2025-01-05,2025-01-08,2025-01-05,Used,3.0
36,Wasteful,Meat,Chicken,2,2025-01-06,2025-01-08,,Wasted,3.0
36,Wasteful,Grains,Wheat,2,2025-01-07,2025-03-10,2025-01-30,Used,1.6
36,Wasteful,Vegetables,Tomato,1,2025-01-08,2025-01-12,2025-01-11,Used,1.2
36,Wasteful,Dairy,Milk,4,2025-01-09,2025-01-14,2025-01-09,Used,5.2
36,Wasteful,Meat,Fish,3,2025-01-10,2025-01-12,2025-01-11,Used,4.5
36,Wasteful,Grains,Wheat,2,2025-01-11,2025-02-22,,Wasted,1.6
36,Wasteful,Dairy,Cheese,4,2025-01-12,2025-01-19,2025-01-12,Used,5.2
36,Wasteful,Dairy,Milk,2,2025-01-13,2025-01-16,2025-01-15,Used,2.6
36,Wasteful,Fruits,Apple,2,2025-01-14,2025-01-22,,Wasted,2.2
36,Wasteful,Vegetables,Potato,3,2025-01-15,2025-02-01,2025-01-19,Used,3.6
36,Wasteful,Fruits,Apple,4,2025-01-16,2025-01-28,,Wasted,4.4
36,Wasteful,Grains,Wheat,1,2025-01-17,2025-03-20,2025-02-06,Used,0.8
36,Wasteful,Fruits,Banana,2,2025-01-18,2025-01-20,,Wasted,2.2
36,Wasteful,Fruits,Apple,5,2025-01-19,2025-01-27,,Wasted,5.5
36,Wasteful,Grains,Wheat,2,2025-01-20,2025-02-28,,Wasted,1.6
36,Wasteful,Fruits,Banana,4,2025-01-21,2025-01-24,2025-01-24,Used,4.4
36,Wasteful,Fruits,Banana,4,2025-01-22,2025-01-27,,Wasted,4.4
36,Wasteful,Grains,Rice,1,2025-01-23,2025-03-04,,Wasted,0.8
36,Wasteful,Grains,Wheat,5,2025-01-24,2025-02-27,,Wasted,4.0
36,Wasteful,Grains,Rice,3,2025-01-25,2025-03-05,2025-02-01,Used,2.4
36,Wasteful,Dairy,Milk,3,2025-01-26,2025-01-29,,Wasted,3.9
36,Wasteful,Grains,Rice,4,2025-01-27,2025-03-02,2025-02-07,Used,3.2
36,Wasteful,Vegetables,Potato,5,2025-01-28,2025-02-10,,Wasted,6.0
36,Wasteful,Dairy,Cheese,1,2025-01-29,2025-02-12,,Wasted,1.3
36,Wasteful,Dairy,Milk,3,2025-01-30,2025-02-03,2025-02-01,Used,3.9
37,Careful,Fruits,Banana,5,2025-01-01,2025-01-04,2025-01-01,Used,5.5
37,Careful,Meat,Chicken,2,2025-01-02,2025-01-05,2025-01-04,Used,3.0
37,Careful,Fruits,Banana,3,2025-01-03,2025-01-06,2025-01-06,Used,3.3
37,Careful,Fruits,Apple,4,2025-01-04,2025-01-18,2025-01-04,Used,4.4
37,Careful,Vegetables,Tomato,3,2025-01-05,2025-01-09,2025-01-06,Used,3.6
37,Careful,Grains,Rice,4,2025-01-06,2025-03-02,2025-03-02,Used,3.2
37,Careful,Vegetables,Potato,1,2025-01-07,2025-01-19,2025-01-19,Used,1.2
37,Careful,Meat,Fish,1,2025-01-08,2025-01-09,2025-01-08,Used,1.5
37,Careful,Meat,Fish,2,2025-01-09,2025-01-10,2025-01-10,Used,3.0
37,Careful,Dairy,Milk,4,2025-01-10,2025-01-14,2025-01-14,Used,5.2
37,Careful,Dairy,Milk,4,2025-01-11,2025-01-14,2025-01-13,Used,5.2
37,Careful,Fruits,Apple,2,2025-01-12,2025-01-22,2025-01-17,Used,2.2
37,Careful,Meat,Chicken,1,2025-01-13,2025-01-16,2025-01-14,Used,1.5
37,Careful,Fruits,Banana,4,2025-01-14,2025-01-16,2025-01-14,Used,4.4
37,Careful,Meat,Chicken,4,2025-01-15,2025-01-17,2025-01-17,Used,6.0
37,Careful,Vegetables,Potato,4,2025-01-16,2025-02-03,2025-01-29,Used,4.8
37,Careful,Fruits,Banana,1,2025-01-17,2025-01-21,,Wasted,1.1
37,Careful,Dairy,Cheese,5,2025-01-18,2025-02-01,2025-01-26,Used,6.5
37,Careful,Grains,Wheat,2,2025-01-19,2025-03-20,2025-03-12,Used,1.6
37,Careful,Vegetables,Potato,3,2025-01-20,2025-02-07,2025-01-26,Used,3.6
37,Careful,Dairy,Cheese,5,2025-01-21,2025-01-31,2025-01-24,Used,6.5
37,Careful,Grains,Rice,2,2025-01-22,2025-03-17,2025-03-17,Used,1.6
37,Careful,Vegetables,Potato,5,2025-01-23,2025-02-07,2025-01-31,Used,6.0
37,Careful,Grains,Wheat,1,2025-01-24,2025-04-12,2025-02-21,Used,0.8
37,Careful,Fruits,Apple,3,2025-01-25,2025-02-04,2025-01-27,Used,3.3
37,Careful,Dairy,Cheese,1,2025-01-26,2025-02-02,,Wasted,1.3
37,Careful,Vegetables,Potato,4,2025-01-27,2025-02-13,2025-01-27,Used,4.8
37,Careful,Meat,Fish,3,2025-01-28,2025-01-29,2025-01-28,Used,4.5
37,Careful,Dairy,Milk,2,2025-01-29,2025-02-01,2025-01-29,Used,2.6
37,Careful,Vegetables,Potato,3,2025-01-30,2025-02-15,,Wasted,3.6
38,Careful,Grains,Rice,1,2025-01-01,2025-02-06,2025-01-20,Used,0.8
38,Careful,Vegetables,Potato,3,2025-01-02,2025-01-18,2025-01-05,Used,3.6
38,Careful,Meat,Fish,5,2025-01-03,2025-01-05,2025-01-04,Used,7.5
38,Careful,Vegetables,Tomato,2,2025-01-04,2025-01-10,2025-01-06,Used,2.4
38,Careful,Vegetables,Tomato,2,2025-01-05,2025-01-09,2025-01-06,Used,2.4
38,Careful,Dairy,Cheese,2,2025-01-06,2025-01-13,2025-01-12,Used,2.6
38,Careful,Meat,Chicken,5,2025-01-07,2025-01-09,2025-01-07,Used,7.5
38,Careful,Dairy,Cheese,4,2025-01-08,2025-01-21,2025-01-18,Used,5.2
38,Careful,Grains,Wheat,3,2025-01-09,2025-03-11,,Wasted,2.4
38,Careful,Grains,Rice,2,2025-01-10,2025-02-18,,Wasted,1.6
38,Careful,Meat,Fish,4,2025-01-11,2025-01-12,2025-01-12,Used,6.0
38,Careful,Fruits,Banana,1,2025-01-12,2025-01-16,2025-01-16,Used,1.1
38,Careful,Grains,Rice,2,2025-01-13,2025-02-25,2025-01-28,Used,1.6
38,Careful,Grains,Wheat,3,2025-01-14,2025-03-26,2025-01-22,Used,2.4
38,Careful,Grains,Wheat,5,2025-01-15,2025-02-20,2025-01-29,Used,4.0
38,Careful,Meat,Fish,4,2025-01-16,2025-01-17,2025-01-17,Used,6.0
38,Careful,Fruits,Banana,4,2025-01-17,2025-01-21,2025-01-19,Used,4.4
38,Careful,Dairy,Milk,1,2025-01-18,2025-01-22,2025-01-21,Used,1.3
38,Careful,Vegetables,Tomato,3,2025-01-19,2025-01-24,,Wasted,3.6
38,Careful,Vegetables,Tomato,5,2025-01-20,2025-01-25,2025-01-25,Used,6.0
38,Careful,Meat,Fish,2,2025-01-21,2025-01-23,2025-01-22,Used,3.0
38,Careful,Fruits,Apple,2,2025-01-22,2025-02-01,2025-02-01,Used,2.2
38,Careful,Meat,Chicken,3,2025-01-23,2025-01-26,2025-01-24,Used,4.5
38,Careful,Dairy,Cheese,1,2025-01-24,2025-02-07,2025-02-02,Used,1.3
38,Careful,Grains,Wheat,1,2025-01-25,2025-03-02,2025-02-12,Used,0.8
38,Careful,Grains,Rice,1,2025-01-26,2025-03-25,2025-02-28,Used,0.8
38,Careful,Vegetables,Potato,4,2025-01-27,2025-02-08,2025-01-30,Used,4.8
38,Careful,Vegetables,Tomato,5,2025-01-28,2025-02-04,2025-02-03,Used,6.0
38,Careful,Grains,Wheat,1,2025-01-29,2025-04-05,2025-03-23,Used,0.8
38,Careful,Meat,Fish,3,2025-01-30,2025-01-31,2025-01-31,Used,4.5
39,Wasteful,Vegetables,Tomato,5,2025-01-01,2025-01-06,,Wasted,6.0
39,Wasteful,Meat,Fish,2,2025-01-02,2025-01-03,,Wasted,3.0
39,Wasteful,Fruits,Apple,2,2025-01-03,2025-01-13,,Wasted,2.2
39,Wasteful,Vegetables,Potato,2,2025-01-04,2025-01-21,,Wasted,2.4
39,Wasteful,Fruits,Apple,2,2025-01-05,2025-01-18,2025-01-05,Used,2.2
39,Wasteful,Meat,Chicken,3,2025-01-06,2025-01-09,,Wasted,4.5
39,Wasteful,Grains,Rice,5,2025-01-07,2025-03-03,,Wasted,4.0
39,Wasteful,Fruits,Banana,3,2025-01-08,2025-01-13,2025-01-10,Used,3.3
39,Wasteful,Fruits,Apple,5,2025-01-09,2025-01-17,,Wasted,5.5
39,Wasteful,Dairy,Cheese,2,2025-01-10,2025-01-17,,Wasted,2.6
39,Wasteful,Fruits,Apple,4,2025-01-11,2025-01-24,2025-01-16,Used,4.4
39,Wasteful,Vegetables,Potato,5,2025-01-12,2025-01-22,2025-01-22,Used,6.0
39,Wasteful,Meat,Chicken,3,2025-01-13,2025-01-16,2025-01-15,Used,4.5
39,Wasteful,Vegetables,Tomato,5,2025-01-14,2025-01-21,2025-01-20,Used,6.0
39,Wasteful,Fruits,Banana,3,2025-01-15,2025-01-19,,Wasted,3.3
39,Wasteful,Vegetables,Potato,2,2025-01-16,2025-02-01,2025-01-22,Used,2.4
39,Wasteful,Fruits,Apple,2,2025-01-17,2025-01-31,2025-01-18,Used,2.2
39,Wasteful,Vegetables,Potato,4,2025-01-18,2025-02-06,,Wasted,4.8
39,Wasteful,Vegetables,Tomato,1,2025-01-19,2025-01-25,,Wasted,1.2
39,Wasteful,Meat,Fish,1,2025-01-20,2025-01-22,,Wasted,1.5
39,Wasteful,Dairy,Cheese,2,2025-01-21,2025-02-02,,Wasted,2.6
39,Wasteful,Dairy,Cheese,3,2025-01-22,2025-02-04,,Wasted,3.9
39,Wasteful,Vegetables,Tomato,4,2025-01-23,2025-01-29,2025-01-23,Used,4.8
39,Wasteful,Meat,Fish,5,2025-01-24,2025-01-25,,Wasted,7.5
39,Wasteful,Fruits,Apple,3,2025-01-25,2025-02-02,,Wasted,3.3
39,Wasteful,Dairy,Milk,1,2025-01-26,2025-01-29,,Wasted,1.3
39,Wasteful,Meat,Chicken,4,2025-01-27,2025-01-29,2025-01-28,Used,6.0
39,Wasteful,Meat,Chicken,4,2025-01-28,2025-01-30,,Wasted,6.0
39,Wasteful,Vegetables,Potato,1,2025-01-29,2025-02-08,,Wasted,1.2
39,Wasteful,Dairy,Cheese,1,2025-01-30,2025-02-10,,Wasted,1.3
40,Average,Meat,Chicken,1,2025-01-01,2025-01-04,2025-01-01,Used,1.5
40,Average,Meat,Chicken,4,2025-01-02,2025-01-05,2025-01-02,Used,6.0
40,Average,Meat,Fish,4,2025-01-03,2025-01-05,,Wasted,6.0
40,Average,Meat,Fish,1,2025-01-04,2025-01-05,,Wasted,1.5
40,Average,Vegetables,Potato,1,2025-01-05,2025-01-25,,Wasted,1.2
40,Average,Fruits,Banana,1,2025-01-06,2025-01-08,2025-01-06,Used,1.1
40,Average,Grains,Rice,2,2025-01-07,2025-02-07,2025-01-23,Used,1.6
40,Average,Vegetables,Tomato,4,2025-01-08,2025-01-15,2025-01-10,Used,4.8
40,Average,Meat,Fish,5,2025-01-09,2025-01-10,2025-01-10,Used,7.5
40,Average,Meat,Fish,5,2025-01-10,2025-01-12,,Wasted,7.5
40,Average,Vegetables,Tomato,2,2025-01-11,2025-01-16,2025-01-12,Used,2.4
40,Average,Vegetables,Tomato,3,2025-01-12,2025-01-18,2025-01-16,Used,3.6
40,Average,Vegetables,Tomato,3,2025-01-13,2025-01-19,2025-01-16,Used,3.6
40,Average,Dairy,Milk,4,2025-01-14,2025-01-19,2025-01-16,Used,5.2
40,Average,Grains,Rice,2,2025-01-15,2025-03-16,2025-01-15,Used,1.6
40,Average,Fruits,Apple,5,2025-01-16,2025-01-25,2025-01-22,Used,5.5
40,Average,Vegetables,Tomato,5,2025-01-17,2025-01-21,,Wasted,6.0
40,Average,Dairy,Cheese,2,2025-01-18,2025-01-25,2025-01-22,Used,2.6
40,Average,Meat,Chicken,1,2025-01-19,2025-01-22,2025-01-19,Used,1.5
40,Average,Grains,Rice,2,2025-01-20,2025-02-22,2025-02-12,Used,1.6
40,Average,Vegetables,Potato,1,2025-01-21,2025-02-10,2025-02-01,Used,1.2
40,Average,Meat,Fish,3,2025-01-22,2025-01-23,2025-01-22,Used,4.5
40,Average,Dairy,Cheese,1,2025-01-23,2025-02-02,2025-01-26,Used,1.3
40,Average,Dairy,Milk,4,2025-01-24,2025-01-29,2025-01-29,Used,5.2
40,Average,Vegetables,Tomato,3,2025-01-25,2025-01-31,,Wasted,3.6
40,Average,Meat,Chicken,4,2025-01-26,2025-01-29,,Wasted,6.0
40,Average,Fruits,Apple,2,2025-01-27,2025-02-10,,Wasted,2.2
40,Average,Meat,Chicken,4,2025-01-28,2025-01-30,2025-01-30,Used,6.0
40,Average,Meat,Chicken,1,2025-01-29,2025-01-31,2025-01-31,Used,1.5
40,Average,Grains,Wheat,4,2025-01-30,2025-04-13,,Wasted,3.2
41,Average,Dairy,Milk,1,2025-01-01,2025-01-04,2025-01-01,Used,1.3
41,Average,Vegetables,Tomato,5,2025-01-02,2025-01-08,2025-01-05,Used,6.0
41,Average,Grains,Rice,2,2025-01-03,2025-02-23,,Wasted,1.6
41,Average,Vegetables,Potato,5,2025-01-04,2025-01-19,2025-01-11,Used,6.0
41,Average,Dairy,Cheese,4,2025-01-05,2025-01-12,,Wasted,5.2
41,Average,Vegetables,Tomato,4,2025-01-06,2025-01-12,2025-01-11,Used,4.8
41,Average,Dairy,Milk,3,2025-01-07,2025-01-12,2025-01-12,Used,3.9
41,Average,Meat,Fish,2,2025-01-08,2025-01-09,2025-01-08,Used,3.0
41,Average,Dairy,Cheese,2,2025-01-09,2025-01-21,,Wasted,2.6
41,Average,Fruits,Apple,1,2025-01-10,2025-01-19,2025-01-19,Used,1.1
41,Average,Vegetables,Potato,2,2025-01-11,2025-01-31,2025-01-18,Used,2.4
41,Average,Meat,Fish,1,2025-01-12,2025-01-14,,Wasted,1.5
41,Average,Grains,Rice,1,2025-01-13,2025-02-16,2025-02-09,Used,0.8
41,Average,Meat,Chicken,5,2025-01-14,2025-01-17,2025-01-15,Used,7.5
41,Average,Meat,Chicken,3,2025-01-15,2025-01-18,2025-01-17,Used,4.5
41,Average,Dairy,Cheese,5,2025-01-16,2025-01-29,,Wasted,6.5
41,Average,Dairy,Cheese,1,2025-01-17,2025-01-30,2025-01-29,Used,1.3
41,Average,Meat,Fish,5,2025-01-18,2025-01-20,2025-01-18,Used,7.5
41,Average,Fruits,Banana,1,2025-01-19,2025-01-22,2025-01-22,Used,1.1
41,Average,Vegetables,Potato,3,2025-01-20,2025-02-05,2025-02-05,Used,3.6
41,Average,Meat,Fish,4,2025-01-21,2025-01-23,2025-01-21,Used,6.0
41,Average,Grains,Wheat,4,2025-01-22,2025-03-04,,Wasted,3.2
41,Average,Dairy,Cheese,4,2025-01-23,2025-02-06,,Wasted,5.2
41,Average,Fruits,Apple,5,2025-01-24,2025-02-05,2025-02-03,Used,5.5
41,Average,Dairy,Milk,2,2025-01-25,2025-01-30,2025-01-30,Used,2.6
41,Average,Grains,Rice,3,2025-01-26,2025-03-15,2025-02-20,Used,2.4
41,Average,Fruits,Apple,4,2025-01-27,2025-02-03,,Wasted,4.4
41,Average,Dairy,Milk,2,2025-01-28,2025-01-31,2025-01-28,Used,2.6
41,Average,Meat,Chicken,5,2025-01-29,2025-02-01,,Wasted,7.5
41,Average,Meat,Fish,4,2025-01-30,2025-01-31,2025-01-31,Used,6.0
42,Wasteful,Meat,Chicken,5,2025-01-01,2025-01-03,2025-01-02,Used,7.5
42,Wasteful,Meat,Fish,5,2025-01-02,2025-01-03,,Wasted,7.5
42,Wasteful,Dairy,Milk,5,2025-01-03,2025-01-06,2025-01-06,Used,6.5
42,Wasteful,Fruits,Banana,1,2025-01-04,2025-01-07,,Wasted,1.1
42,Wasteful,Meat,Chicken,1,2025-01-05,2025-01-08,,Wasted,1.5
42,Wasteful,Fruits,Apple,5,2025-01-06,2025-01-17,,Wasted,5.5
42,Wasteful,Fruits,Banana,3,2025-01-07,2025-01-12,,Wasted,3.3
42,Wasteful,Fruits,Apple,4,2025-01-08,2025-01-17,,Wasted,4.4
42,Wasteful,Vegetables,Tomato,3,2025-01-09,2025-01-16,,Wasted,3.6
42,Wasteful,Fruits,Banana,2,2025-01-10,2025-01-15,2025-01-11,Used,2.2
42,Wasteful,Fruits,Banana,1,2025-01-11,2025-01-14,2025-01-11,Used,1.1
42,Wasteful,Dairy,Cheese,5,2025-01-12,2025-01-21,2025-01-15,Used,6.5
42,Wasteful,Grains,Rice,1,2025-01-13,2025-02-12,,Wasted,0.8
42,Wasteful,Dairy,Milk,4,2025-01-14,2025-01-17,,Wasted,5.2
42,Wasteful,Dairy,Milk,4,2025-01-15,2025-01-19,2025-01-18,Used,5.2
42,Wasteful,Meat,Fish,2,2025-01-16,2025-01-18,,Wasted,3.0
42,Wasteful,Dairy,Cheese,3,2025-01-17,2025-01-24,,Wasted,3.9
42,Wasteful,Meat,Chicken,2,2025-01-18,2025-01-20,2025-01-18,Used,3.0
42,Wasteful,Vegetables,Tomato,5,2025-01-19,2025-01-23,2025-01-22,Used,6.0
42,Wasteful,Meat,Fish,4,2025-01-20,2025-01-22,2025-01-21,Used,6.0
42,Wasteful,Grains,Rice,1,2025-01-21,2025-03-08,2025-02-27,Used,0.8
42,Wasteful,Vegetables,Potato,3,2025-01-22,2025-02-08,2025-02-08,Used,3.6
42,Wasteful,Grains,Wheat,1,2025-01-23,2025-04-08,,Wasted,0.8
42,Wasteful,Grains,Wheat,4,2025-01-24,2025-04-09,,Wasted,3.2
42,Wasteful,Grains,Rice,4,2025-01-25,2025-03-22,,Wasted,3.2
42,Wasteful,Dairy,Cheese,1,2025-01-26,2025-02-02,2025-01-30,Used,1.3
42,Wasteful,Meat,Chicken,3,2025-01-27,2025-01-29,,Wasted,4.5
42,Wasteful,Meat,Fish,5,2025-01-28,2025-01-30,,Wasted,7.5
42,Wasteful,Fruits,Apple,3,2025-01-29,2025-02-06,,Wasted,3.3
42,Wasteful,Dairy,Cheese,3,2025-01-30,2025-02-07,2025-02-07,Used,3.9
43,Average,Fruits,Banana,2,2025-01-01,2025-01-06,2025-01-01,Used,2.2
43,Average,Meat,Fish,5,2025-01-02,2025-01-03,2025-01-03,Used,7.5
43,Average,Vegetables,Tomato,2,2025-01-03,2025-01-10,2025-01-06,Used,2.4
43,Average,Fruits,Apple,5,2025-01-04,2025-01-14,2025-01-12,Used,5.5
43,Average,Grains,Rice,4,2025-01-05,2025-02-14,2025-01-10,Used,3.2
43,Average,Grains,Wheat,5,2025-01-06,2025-03-16,,Wasted,4.0
43,Average,Dairy,Cheese,5,2025-01-07,2025-01-21,2025-01-21,Used,6.5
43,Average,Fruits,Apple,2,2025-01-08,2025-01-19,2025-01-15,Used,2.2
43,Average,Dairy,Milk,1,2025-01-09,2025-01-12,2025-01-11,Used,1.3
43,Average,Dairy,Cheese,4,2025-01-10,2025-01-17,,Wasted,5.2
43,Average,Meat,Fish,4,2025-01-11,2025-01-13,2025-01-11,Used,6.0
43,Average,Dairy,Cheese,3,2025-01-12,2025-01-24,,Wasted,3.9
43,Average,Dairy,Milk,2,2025-01-13,2025-01-18,2025-01-14,Used,2.6
43,Average,Meat,Chicken,1,2025-01-14,2025-01-17,2025-01-15,Used,1.5
43,Average,Meat,Chicken,2,2025-01-15,2025-01-17,2025-01-17,Used,3.0
43,Average,Meat,Fish,1,2025-01-16,2025-01-18,,Wasted,1.5
43,Average,Fruits,Banana,2,2025-01-17,2025-01-22,2025-01-21,Used,2.2
43,Average,Vegetables,Potato,4,2025-01-18,2025-02-03,2025-01-19,Used,4.8
43,Average,Grains,Wheat,3,2025-01-19,2025-04-05,2025-02-02,Used,2.4
43,Average,Dairy,Cheese,3,2025-01-20,2025-02-03,,Wasted,3.9
43,Average,Fruits,Banana,1,2025-01-21,2025-01-25,,Wasted,1.1
43,Average,Grains,Wheat,2,2025-01-22,2025-03-08,2025-02-07,Used,1.6
43,Average,Grains,Wheat,1,2025-01-23,2025-03-16,2025-03-16,Used,0.8
43,Average,Meat,Chicken,1,2025-01-24,2025-01-26,2025-01-25,Used,1.5
43,Average,Meat,Fish,2,2025-01-25,2025-01-26,2025-01-25,Used,3.0
43,Average,Meat,Chicken,2,2025-01-26,2025-01-29,2025-01-28,Used,3.0
43,Average,Fruits,Apple,1,2025-01-27,2025-02-04,2025-01-27,Used,1.1
43,Average,Vegetables,Potato,2,2025-01-28,2025-02-13,2025-02-03,Used,2.4
43,Average,Grains,Wheat,3,2025-01-29,2025-04-02,2025-03-25,Used,2.4
43,Average,Vegetables,Tomato,2,2025-01-30,2025-02-05,,Wasted,2.4
44,Average,Vegetables,Tomato,2,2025-01-01,2025-01-06,,Wasted,2.4
44,Average,Grains,Wheat,1,2025-01-02,2025-02-25,2025-01-08,Used,0.8
44,Average,Vegetables,Potato,3,2025-01-03,2025-01-13,,Wasted,3.6
44,Average,Grains,Rice,4,2025-01-04,2025-02-10,,Wasted,3.2
44,Average,Vegetables,Potato,2,2025-01-05,2025-01-21,,Wasted,2.4
44,Average,Meat,Fish,1,2025-01-06,2025-01-08,2025-01-07,Used,1.5
44,Average,Fruits,Apple,5,2025-01-07,2025-01-19,2025-01-15,Used,5.5
44,Average,Dairy,Milk,1,2025-01-08,2025-01-11,,Wasted,1.3
44,Average,Fruits,Apple,5,2025-01-09,2025-01-20,2025-01-14,Used,5.5
44,Average,Meat,Chicken,2,2025-01-10,2025-01-12,2025-01-10,Used,3.0
44,Average,Dairy,Milk,5,2025-01-11,2025-01-15,,Wasted,6.5
44,Average,Grains,Rice,1,2025-01-12,2025-02-26,,Wasted,0.8
44,Average,Vegetables,Potato,3,2025-01-13,2025-01-30,2025-01-17,Used,3.6
44,Average,Vegetables,Tomato,3,2025-01-14,2025-01-17,2025-01-16,Used,3.6
44,Average,Vegetables,Potato,3,2025-01-15,2025-02-01,,Wasted,3.6
44,Average,Fruits,Apple,5,2025-01-16,2025-01-29,2025-01-17,Used,5.5
44,Average,Grains,Rice,1,2025-01-17,2025-03-08,2025-01-21,Used,0.8
44,Average,Grains,Rice,2,2025-01-18,2025-02-23,2025-02-19,Used,1.6
44,Average,Meat,Chicken,1,2025-01-19,2025-01-22,2025-01-22,Used,1.5
44,Average,Meat,Chicken,2,2025-01-20,2025-01-23,2025-01-20,Used,3.0
44,Average,Grains,Wheat,5,2025-01-21,2025-03-24,2025-01-27,Used,4.0
44,Average,Dairy,Cheese,3,2025-01-22,2025-01-31,2025-01-29,Used,3.9
44,Average,Meat,Chicken,5,2025-01-23,2025-01-26,2025-01-24,Used,7.5
44,Average,Grains,Wheat,3,2025-01-24,2025-03-04,,Wasted,2.4
44,Average,Vegetables,Potato,2,2025-01-25,2025-02-06,2025-01-28,Used,2.4
44,Average,Meat,Chicken,1,2025-01-26,2025-01-28,,Wasted,1.5
44,Average,Meat,Fish,3,2025-01-27,2025-01-29,2025-01-29,Used,4.5
44,Average,Meat,Chicken,4,2025-01-28,2025-01-30,2025-01-28,Used,6.0
44,Average,Fruits,Banana,1,2025-01-29,2025-01-31,2025-01-30,Used,1.1
44,Average,Meat,Fish,5,2025-01-30,2025-01-31,2025-01-30,Used,7.5
45,Careful,Vegetables,Tomato,2,2025-01-01,2025-01-04,2025-01-02,Used,2.4
45,Careful,Fruits,Banana,3,2025-01-02,2025-01-07,2025-01-06,Used,3.3
45,Careful,Fruits,Apple,2,2025-01-03,2025-01-10,2025-01-04,Used,2.2
45,Careful,Grains,Rice,2,2025-01-04,2025-02-11,2025-01-23,Used,1.6
45,Careful,Fruits,Apple,3,2025-01-05,2025-01-17,2025-01-11,Used,3.3
45,Careful,Dairy,Milk,1,2025-01-06,2025-01-09,,Wasted,1.3
45,Careful,Meat,Fish,3,2025-01-07,2025-01-09,2025-01-08,Used,4.5
45,Careful,Grains,Wheat,1,2025-01-08,2025-03-16,2025-02-15,Used,0.8
45,Careful,Meat,Fish,3,2025-01-09,2025-01-10,2025-01-09,Used,4.5
45,Careful,Fruits,Apple,3,2025-01-10,2025-01-17,2025-01-17,Used,3.3
45,Careful,Meat,Fish,3,2025-01-11,2025-01-12,2025-01-11,Used,4.5
45,Careful,Grains,Wheat,4,2025-01-12,2025-04-02,2025-02-01,Used,3.2
45,Careful,Dairy,Milk,1,2025-01-13,2025-01-16,2025-01-13,Used,1.3
45,Careful,Dairy,Cheese,2,2025-01-14,2025-01-27,2025-01-14,Used,2.6
45,Careful,Vegetables,Potato,3,2025-01-15,2025-01-27,2025-01-27,Used,3.6
45,Careful,Dairy,Milk,3,2025-01-16,2025-01-19,,Wasted,3.9
45,Careful,Meat,Chicken,2,2025-01-17,2025-01-19,2025-01-19,Used,3.0
45,Careful,Grains,Wheat,2,2025-01-18,2025-03-30,2025-02-24,Used,1.6
45,Careful,Dairy,Milk,2,2025-01-19,2025-01-22,2025-01-22,Used,2.6
45,Careful,Vegetables,Potato,1,2025-01-20,2025-02-06,2025-01-31,Used,1.2
45,Careful,Dairy,Cheese,2,2025-01-21,2025-01-30,2025-01-22,Used,2.6
45,Careful,Grains,Wheat,1,2025-01-22,2025-03-23,,Wasted,0.8
45,Careful,Vegetables,Tomato,1,2025-01-23,2025-01-28,2025-01-25,Used,1.2
45,Careful,Vegetables,Potato,2,2025-01-24,2025-02-05,2025-01-28,Used,2.4
45,Careful,Vegetables,Potato,1,2025-01-25,2025-02-12,,Wasted,1.2
45,Careful,Vegetables,Potato,5,2025-01-26,2025-02-07,2025-01-28,Used,6.0
45,Careful,Grains,Rice,1,2025-01-27,2025-03-16,2025-01-28,Used,0.8
45,Careful,Grains,Rice,5,2025-01-28,2025-03-25,2025-02-15,Used,4.0
45,Careful,Fruits,Banana,1,2025-01-29,2025-02-03,2025-01-31,Used,1.1
45,Careful,Fruits,Banana,5,2025-01-30,2025-02-01,2025-01-31,Used,5.5
46,Average,Fruits,Apple,3,2025-01-01,2025-01-11,2025-01-11,Used,3.3
46,Average,Vegetables,Tomato,2,2025-01-02,2025-01-08,2025-01-02,Used,2.4
46,Average,Fruits,Banana,4,2025-01-03,2025-01-07,,Wasted,4.4
46,Average,Fruits,Apple,2,2025-01-04,2025-01-13,2025-01-10,Used,2.2
46,Average,Vegetables,Potato,5,2025-01-05,2025-01-15,,Wasted,6.0
46,Average,Meat,Fish,3,2025-01-06,2025-01-07,2025-01-06,Used,4.5
46,Average,Fruits,Apple,5,2025-01-07,2025-01-14,2025-01-08,Used,5.5
46,Average,Dairy,Milk,4,2025-01-08,2025-01-11,2025-01-10,Used,5.2
46,Average,Meat,Fish,4,2025-01-09,2025-01-10,,Wasted,6.0
46,Average,Grains,Wheat,3,2025-01-10,2025-03-20,,Wasted,2.4
46,Average,Vegetables,Potato,4,2025-01-11,2025-01-25,2025-01-16,Used,4.8
46,Average,Grains,Rice,1,2025-01-12,2025-02-27,,Wasted,0.8
46,Average,Dairy,Cheese,1,2025-01-13,2025-01-25,,Wasted,1.3
46,Average,Grains,Rice,4,2025-01-14,2025-03-06,,Wasted,3.2
46,Average,Dairy,Cheese,5,2025-01-15,2025-01-25,2025-01-22,Used,6.5
46,Average,Grains,Rice,5,2025-01-16,2025-03-16,2025-02-06,Used,4.0
46,Average,Grains,Wheat,5,2025-01-17,2025-03-08,,Wasted,4.0
46,Average,Dairy,Cheese,1,2025-01-18,2025-01-25,2025-01-23,Used,1.3
46,Average,Meat,Fish,1,2025-01-19,2025-01-21,2025-01-19,Used,1.5
46,Average,Dairy,Cheese,3,2025-01-20,2025-01-28,2025-01-20,Used,3.9
46,Average,Dairy,Milk,5,2025-01-21,2025-01-24,,Wasted,6.5
46,Average,Meat,Fish,1,2025-01-22,2025-01-24,,Wasted,1.5
46,Average,Vegetables,Potato,3,2025-01-23,2025-02-02,2025-01-31,Used,3.6
46,Average,Meat,Fish,1,2025-01-24,2025-01-26,,Wasted,1.5
46,Average,Meat,Chicken,5,2025-01-25,2025-01-28,,Wasted,7.5
46,Average,Vegetables,Tomato,1,2025-01-26,2025-02-01,2025-01-30,Used,1.2
46,Average,Vegetables,Potato,2,2025-01-27,2025-02-15,2025-02-11,Used,2.4
46,Average,Vegetables,Potato,2,2025-01-28,2025-02-14,2025-02-13,Used,2.4
46,Average,Dairy,Cheese,2,2025-01-29,2025-02-07,2025-02-01,Used,2.6
46,Average,Dairy,Cheese,3,2025-01-30,2025-02-07,,Wasted,3.9
47,Careful,Dairy,Milk,2,2025-01-01,2025-01-05,2025-01-03,Used,2.6
47,Careful,Vegetables,Potato,3,2025-01-02,2025-01-14,2025-01-09,Used,3.6
47,Careful,Fruits,Banana,4,2025-01-03,2025-01-06,2025-01-05,Used,4.4
47,Careful,Fruits,Banana,2,2025-01-04,2025-01-07,2025-01-04,Used,2.2
47,Careful,Grains,Wheat,3,2025-01-05,2025-03-05,2025-03-03,Used,2.4
47,Careful,Dairy,Milk,3,2025-01-06,2025-01-10,2025-01-07,Used,3.9
47,Careful,Meat,Chicken,1,2025-01-07,2025-01-10,2025-01-08,Used,1.5
47,Careful,Dairy,Milk,1,2025-01-08,2025-01-11,2025-01-09,Used,1.3
47,Careful,Dairy,Cheese,3,2025-01-09,2025-01-20,2025-01-10,Used,3.9
47,Careful,Vegetables,Potato,2,2025-01-10,2025-01-30,2025-01-30,Used,2.4
47,Careful,Grains,Rice,4,2025-01-11,2025-02-24,2025-01-19,Used,3.2
47,Careful,Meat,Chicken,2,2025-01-12,2025-01-14,2025-01-14,Used,3.0
47,Careful,Fruits,Apple,3,2025-01-13,2025-01-22,2025-01-16,Used,3.3
47,Careful,Fruits,Apple,2,2025-01-14,2025-01-24,2025-01-14,Used,2.2
47,Careful,Fruits,Banana,4,2025-01-15,2025-01-19,2025-01-16,Used,4.4
47,Careful,Fruits,Apple,3,2025-01-16,2025-01-28,2025-01-21,Used,3.3
47,Careful,Meat,Fish,5,2025-01-17,2025-01-18,2025-01-18,Used,7.5
47,Careful,Grains,Rice,4,2025-01-18,2025-03-14,2025-01-26,Used,3.2
47,Careful,Fruits,Apple,3,2025-01-19,2025-01-30,2025-01-30,Used,3.3
47,Careful,Fruits,Apple,1,2025-01-20,2025-02-01,2025-01-23,Used,1.1
47,Careful,Meat,Chicken,2,2025-01-21,2025-01-24,2025-01-23,Used,3.0
47,Careful,Meat,Fish,5,2025-01-22,2025-01-23,,Wasted,7.5
47,Careful,Vegetables,Tomato,1,2025-01-23,2025-01-29,2025-01-24,Used,1.2
47,Careful,Meat,Chicken,5,2025-01-24,2025-01-26,2025-01-24,Used,7.5
47,Careful,Fruits,Apple,4,2025-01-25,2025-02-08,2025-02-01,Used,4.4
47,Careful,Meat,Fish,3,2025-01-26,2025-01-28,2025-01-28,Used,4.5
47,Careful,Fruits,Apple,4,2025-01-27,2025-02-10,2025-01-31,Used,4.4
47,Careful,Fruits,Banana,3,2025-01-28,2025-02-02,,Wasted,3.3
47,Careful,Vegetables,Tomato,1,2025-01-29,2025-02-03,2025-02-02,Used,1.2
47,Careful,Fruits,Banana,4,2025-01-30,2025-02-04,2025-02-01,Used,4.4
48,Wasteful,Meat,Chicken,3,2025-01-01,2025-01-04,2025-01-02,Used,4.5
48,Wasteful,Vegetables,Potato,2,2025-01-02,2025-01-14,,Wasted,2.4
48,Wasteful,Dairy,Cheese,5,2025-01-03,2025-01-16,,Wasted,6.5
48,Wasteful,Fruits,Banana,3,2025-01-04,2025-01-08,2025-01-08,Used,3.3
48,Wasteful,Dairy,Milk,3,2025-01-05,2025-01-10,,Wasted,3.9
48,Wasteful,Vegetables,Potato,4,2025-01-06,2025-01-26,,Wasted,4.8
48,Wasteful,Meat,Chicken,2,2025-01-07,2025-01-09,,Wasted,3.0
48,Wasteful,Fruits,Apple,5,2025-01-08,2025-01-20,,Wasted,5.5
48,Wasteful,Meat,Fish,1,2025-01-09,2025-01-10,2025-01-10,Used,1.5
48,Wasteful,Meat,Fish,5,2025-01-10,2025-01-12,2025-01-12,Used,7.5
48,Wasteful,Meat,Chicken,1,2025-01-11,2025-01-13,,Wasted,1.5
48,Wasteful,Fruits,Apple,1,2025-01-12,2025-01-21,,Wasted,1.1
48,Wasteful,Vegetables,Potato,2,2025-01-13,2025-01-23,,Wasted,2.4
48,Wasteful,Grains,Wheat,4,2025-01-14,2025-03-16,2025-03-12,Used,3.2
48,Wasteful,Meat,Fish,3,2025-01-15,2025-01-17,,Wasted,4.5
48,Wasteful,Dairy,Milk,1,2025-01-16,2025-01-20,2025-01-17,Used,1.3
48,Wasteful,Fruits,Apple,4,2025-01-17,2025-01-30,,Wasted,4.4
48,Wasteful,Meat,Chicken,1,2025-01-18,2025-01-20,2025-01-19,Used,1.5
48,Wasteful,Vegetables,Tomato,4,2025-01-19,2025-01-26,,Wasted,4.8
48,Wasteful,Dairy,Milk,4,2025-01-20,2025-01-25,,Wasted,5.2
48,Wasteful,Meat,Fish,2,2025-01-21,2025-01-23,2025-01-21,Used,3.0
48,Wasteful,Vegetables,Tomato,1,2025-01-22,2025-01-25,2025-01-25,Used,1.2
48,Wasteful,Fruits,Apple,4,2025-01-23,2025-01-30,2025-01-29,Used,4.4
48,Wasteful,Meat,Fish,2,2025-01-24,2025-01-26,,Wasted,3.0
48,Wasteful,Vegetables,Potato,4,2025-01-25,2025-02-13,,Wasted,4.8
48,Wasteful,Dairy,Milk,5,2025-01-26,2025-01-29,,Wasted,6.5
48,Wasteful,Vegetables,Potato,5,2025-01-27,2025-02-12,2025-02-07,Used,6.0
48,Wasteful,Dairy,Milk,2,2025-01-28,2025-02-02,,Wasted,2.6
48,Wasteful,Meat,Chicken,5,2025-01-29,2025-01-31,,Wasted,7.5
48,Wasteful,Fruits,Apple,3,2025-01-30,2025-02-06,,Wasted,3.3
49,Wasteful,Vegetables,Tomato,1,2025-01-01,2025-01-06,2025-01-06,Used,1.2
49,Wasteful,Grains,Rice,4,2025-01-02,2025-02-18,,Wasted,3.2
49,Wasteful,Fruits,Apple,1,2025-01-03,2025-01-10,2025-01-06,Used,1.1
49,Wasteful,Fruits,Banana,2,2025-01-04,2025-01-08,,Wasted,2.2
49,Wasteful,Grains,Wheat,4,2025-01-05,2025-03-16,,Wasted,3.2
49,Wasteful,Vegetables,Tomato,1,2025-01-06,2025-01-11,2025-01-08,Used,1.2
49,Wasteful,Vegetables,Tomato,1,2025-01-07,2025-01-13,2025-01-07,Used,1.2
49,Wasteful,Vegetables,Potato,2,2025-01-08,2025-01-27,2025-01-20,Used,2.4
49,Wasteful,Vegetables,Potato,2,2025-01-09,2025-01-23,,Wasted,2.4
49,Wasteful,Dairy,Milk,2,2025-01-10,2025-01-14,2025-01-11,Used,2.6
49,Wasteful,Dairy,Milk,4,2025-01-11,2025-01-16,,Wasted,5.2
49,Wasteful,Fruits,Apple,4,2025-01-12,2025-01-26,,Wasted,4.4
49,Wasteful,Vegetables,Potato,4,2025-01-13,2025-02-01,,Wasted,4.8
49,Wasteful,Grains,Wheat,1,2025-01-14,2025-03-30,2025-02-28,Used,0.8
49,Wasteful,Fruits,Apple,1,2025-01-15,2025-01-27,2025-01-22,Used,1.1
49,Wasteful,Fruits,Apple,3,2025-01-16,2025-01-24,,Wasted,3.3
49,Wasteful,Meat,Chicken,3,2025-01-17,2025-01-19,,Wasted,4.5
49,Wasteful,Grains,Rice,5,2025-01-18,2025-02-28,2025-01-26,Used,4.0
49,Wasteful,Meat,Chicken,2,2025-01-19,2025-01-22,2025-01-22,Used,3.0
49,Wasteful,Dairy,Cheese,1,2025-01-20,2025-02-01,,Wasted,1.3
49,Wasteful,Grains,Wheat,4,2025-01-21,2025-03-11,2025-01-26,Used,3.2
49,Wasteful,Dairy,Cheese,4,2025-01-22,2025-02-01,,Wasted,5.2
49,Wasteful,Grains,Wheat,3,2025-01-23,2025-02-25,,Wasted,2.4
49,Wasteful,Fruits,Apple,3,2025-01-24,2025-02-02,,Wasted,3.3
49,Wasteful,Fruits,Apple,3,2025-01-25,2025-02-03,2025-01-28,Used,3.3
49,Wasteful,Dairy,Milk,1,2025-01-26,2025-01-31,2025-01-26,Used,1.3
49,Wasteful,Meat,Fish,3,2025-01-27,2025-01-28,,Wasted,4.5
49,Wasteful,Fruits,Apple,4,2025-01-28,2025-02-09,2025-02-03,Used,4.4
49,Wasteful,Meat,Fish,2,2025-01-29,2025-01-31,,Wasted,3.0
49,Wasteful,Vegetables,Tomato,2,2025-01-30,2025-02-06,2025-02-04,Used,2.4
50,Wasteful,Dairy,Cheese,1,2025-01-01,2025-01-10,,Wasted,1.3
50,Wasteful,Meat,Fish,4,2025-01-02,2025-01-03,2025-01-02,Used,6.0
50,Wasteful,Grains,Wheat,5,2025-01-03,2025-03-25,,Wasted,4.0
50,Wasteful,Fruits,Banana,4,2025-01-04,2025-01-06,,Wasted,4.4
50,Wasteful,Fruits,Apple,2,2025-01-05,2025-01-12,2025-01-12,Used,2.2
50,Wasteful,Vegetables,Tomato,3,2025-01-06,2025-01-10,2025-01-08,Used,3.6
50,Wasteful,Meat,Chicken,1,2025-01-07,2025-01-09,,Wasted,1.5
50,Wasteful,Fruits,Banana,3,2025-01-08,2025-01-12,2025-01-11,Used,3.3
50,Wasteful,Fruits,Apple,4,2025-01-09,2025-01-18,2025-01-15,Used,4.4
50,Wasteful,Fruits,Banana,5,2025-01-10,2025-01-12,,Wasted,5.5
50,Wasteful,Meat,Chicken,2,2025-01-11,2025-01-14,2025-01-13,Used,3.0
50,Wasteful,Grains,Wheat,3,2025-01-12,2025-02-27,,Wasted,2.4
50,Wasteful,Dairy,Milk,3,2025-01-13,2025-01-17,,Wasted,3.9
50,Wasteful,Dairy,Cheese,4,2025-01-14,2025-01-28,2025-01-23,Used,5.2
50,Wasteful,Dairy,Cheese,3,2025-01-15,2025-01-24,,Wasted,3.9
50,Wasteful,Grains,Wheat,4,2025-01-16,2025-03-29,,Wasted,3.2
50,Wasteful,Grains,Rice,1,2025-01-17,2025-02-27,2025-02-01,Used,0.8
50,Wasteful,Grains,Rice,3,2025-01-18,2025-03-14,2025-02-02,Used,2.4
50,Wasteful,Vegetables,Potato,1,2025-01-19,2025-02-02,2025-01-19,Used,1.2
50,Wasteful,Dairy,Cheese,3,2025-01-20,2025-02-02,2025-01-21,Used,3.9
50,Wasteful,Vegetables,Potato,3,2025-01-21,2025-02-08,2025-01-29,Used,3.6
50,Wasteful,Fruits,Banana,4,2025-01-22,2025-01-27,2025-01-26,Used,4.4
50,Wasteful,Meat,Chicken,1,2025-01-23,2025-01-25,2025-01-25,Used,1.5
50,Wasteful,Fruits,Banana,4,2025-01-24,2025-01-29,,Wasted,4.4
50,Wasteful,Grains,Rice,2,2025-01-25,2025-03-03,,Wasted,1.6
50,Wasteful,Vegetables,Potato,2,2025-01-26,2025-02-13,2025-02-01,Used,2.4
50,Wasteful,Dairy,Cheese,3,2025-01-27,2025-02-09,,Wasted,3.9
50,Wasteful,Fruits,Apple,4,2025-01-28,2025-02-08,2025-02-06,Used,4.4
50,Wasteful,Dairy,Milk,3,2025-01-29,2025-02-03,,Wasted,3.9
50,Wasteful,Fruits,Apple,3,2025-01-30,2025-02-08,2025-02-03,Used,3.3
