User_ID,User_Type,Category,Ingredient,Quantity,Purchase_Date,Expiry_Date,Used_Date,Status
1,Wasteful,Meat,Chicken,2,2025-01-01,2025-01-03,,Wasted
1,Wasteful,Grains,Rice,2,2025-01-02,2025-02-25,2025-02-20,Used
1,Wasteful,Meat,Chicken,1,2025-01-03,2025-01-06,2025-01-05,Used
1,Wasteful,Fruits,Banana,4,2025-01-04,2025-01-08,2025-01-05,Used
1,Wasteful,Dairy,Cheese,1,2025-01-05,2025-01-12,,Wasted
1,Wasteful,Grains,Wheat,5,2025-01-06,2025-03-28,2025-01-19,Used
1,Wasteful,Vegetables,Potato,1,2025-01-07,2025-01-21,2025-01-18,Used
1,Wasteful,Dairy,Cheese,4,2025-01-08,2025-01-15,2025-01-12,Used
1,Wasteful,Fruits,Apple,3,2025-01-09,2025-01-19,,Wasted
1,Wasteful,Grains,Wheat,1,2025-01-10,2025-04-05,,Wasted
1,Wasteful,Dairy,Milk,1,2025-01-11,2025-01-16,,Wasted
1,Wasteful,Meat,Fish,2,2025-01-12,2025-01-14,,Wasted
1,Wasteful,Vegetables,Potato,4,2025-01-13,2025-01-24,2025-01-18,Used
1,Wasteful,Grains,Wheat,3,2025-01-14,2025-03-05,,Wasted
1,Wasteful,Meat,Fish,4,2025-01-15,2025-01-17,2025-01-16,Used
1,Wasteful,Grains,Rice,5,2025-01-16,2025-02-16,,Wasted
1,Wasteful,Meat,Chicken,2,2025-01-17,2025-01-20,2025-01-19,Used
1,Wasteful,Dairy,Cheese,3,2025-01-18,2025-02-01,2025-01-28,Used
1,Wasteful,Fruits,Banana,1,2025-01-19,2025-01-21,2025-01-21,Used
1,Wasteful,Fruits,Apple,3,2025-01-20,2025-01-31,,Wasted
1,Wasteful,Meat,Fish,1,2025-01-21,2025-01-23,,Wasted
1,Wasteful,Fruits,Apple,3,2025-01-22,2025-02-03,,Wasted
1,Wasteful,Meat,Chicken,4,2025-01-23,2025-01-26,,Wasted
1,Wasteful,Vegetables,Tomato,4,2025-01-24,2025-01-29,2025-01-25,Used
1,Wasteful,Grains,Rice,5,2025-01-25,2025-03-04,2025-02-11,Used
1,Wasteful,Meat,Chicken,2,2025-01-26,2025-01-28,,Wasted
1,Wasteful,Fruits,Apple,5,2025-01-27,2025-02-06,2025-02-02,Used
1,Wasteful,Meat,Chicken,1,2025-01-28,2025-01-31,2025-01-28,Used
1,Wasteful,Dairy,Cheese,1,2025-01-29,2025-02-06,2025-02-04,Used
1,Wasteful,Meat,Fish,1,2025-01-30,2025-01-31,2025-01-30,Used
2,Wasteful,Meat,Chicken,3,2025-01-01,2025-01-04,2025-01-03,Used
2,Wasteful,Vegetables,Tomato,2,2025-01-02,2025-01-05,2025-01-05,Used
2,Wasteful,Grains,Rice,1,2025-01-03,2025-03-03,,Wasted
2,Wasteful,Vegetables,Tomato,1,2025-01-04,2025-01-08,,Wasted
2,Wasteful,Dairy,Cheese,1,2025-01-05,2025-01-14,2025-01-14,Used
2,Wasteful,Dairy,Cheese,3,2025-01-06,2025-01-17,2025-01-09,Used
2,Wasteful,Fruits,Apple,1,2025-01-07,2025-01-14,2025-01-10,Used
2,Wasteful,Grains,Rice,1,2025-01-08,2025-03-02,2025-02-07,Used
2,Wasteful,Grains,Rice,4,2025-01-09,2025-03-10,,Wasted
2,Wasteful,Fruits,Apple,4,2025-01-10,2025-01-18,2025-01-16,Used
2,Wasteful,Grains,Rice,3,2025-01-11,2025-02-10,,Wasted
2,Wasteful,Meat,Chicken,3,2025-01-12,2025-01-14,2025-01-13,Used
2,Wasteful,Grains,Wheat,4,2025-01-13,2025-04-12,2025-02-05,Used
2,Wasteful,Grains,Wheat,4,2025-01-14,2025-04-06,2025-02-09,Used
2,Wasteful,Fruits,Banana,2,2025-01-15,2025-01-19,2025-01-18,Used
2,Wasteful,Fruits,Banana,5,2025-01-16,2025-01-18,2025-01-18,Used
2,Wasteful,Meat,Chicken,1,2025-01-17,2025-01-20,,Wasted
2,Wasteful,Dairy,Cheese,5,2025-01-18,2025-01-31,2025-01-30,Used
2,Wasteful,Fruits,Apple,2,2025-01-19,2025-02-01,,Wasted
2,Wasteful,Meat,Fish,4,2025-01-20,2025-01-21,2025-01-20,Used
2,Wasteful,Meat,Chicken,3,2025-01-21,2025-01-24,,Wasted
2,Wasteful,Meat,Fish,1,2025-01-22,2025-01-24,,Wasted
2,Wasteful,Grains,Wheat,1,2025-01-23,2025-03-15,,Wasted
2,Wasteful,Grains,Wheat,2,2025-01-24,2025-03-18,2025-03-13,Used
2,Wasteful,Fruits,Apple,1,2025-01-25,2025-02-01,2025-01-25,Used
2,Wasteful,Vegetables,Tomato,3,2025-01-26,2025-01-31,2025-01-29,Used
2,Wasteful,Fruits,Apple,3,2025-01-27,2025-02-07,2025-01-30,Used
2,Wasteful,Meat,Chicken,2,2025-01-28,2025-01-31,2025-01-30,Used
2,Wasteful,Vegetables,Potato,1,2025-01-29,2025-02-14,2025-02-05,Used
2,Wasteful,Vegetables,Tomato,5,2025-01-30,2025-02-05,2025-02-03,Used
3,Careful,Meat,Chicken,1,2025-01-01,2025-01-04,,Wasted
3,Careful,Vegetables,Tomato,4,2025-01-02,2025-01-09,2025-01-08,Used
3,Careful,Meat,Chicken,2,2025-01-03,2025-01-06,2025-01-05,Used
3,Careful,Fruits,Banana,5,2025-01-04,2025-01-08,2025-01-05,Used
3,Careful,Meat,Chicken,3,2025-01-05,2025-01-07,2025-01-07,Used
3,Careful,Dairy,Cheese,5,2025-01-06,2025-01-18,2025-01-12,Used
3,Careful,Grains,Wheat,3,2025-01-07,2025-03-09,,Wasted
3,Careful,Dairy,Milk,1,2025-01-08,2025-01-13,2025-01-11,Used
3,Careful,Dairy,Cheese,4,2025-01-09,2025-01-22,2025-01-19,Used
3,Careful,Grains,Wheat,5,2025-01-10,2025-04-02,2025-02-10,Used
3,Careful,Meat,Fish,2,2025-01-11,2025-01-12,2025-01-12,Used
3,Careful,Meat,Chicken,3,2025-01-12,2025-01-15,2025-01-13,Used
3,Careful,Vegetables,Potato,5,2025-01-13,2025-01-25,2025-01-20,Used
3,Careful,Meat,Fish,4,2025-01-14,2025-01-15,2025-01-15,Used
3,Careful,Meat,Fish,5,2025-01-15,2025-01-16,2025-01-16,Used
3,Careful,Fruits,Apple,4,2025-01-16,2025-01-27,2025-01-17,Used
3,Careful,Vegetables,Potato,2,2025-01-17,2025-02-01,2025-01-22,Used
3,Careful,Grains,Wheat,1,2025-01-18,2025-02-28,2025-02-02,Used
3,Careful,Grains,Rice,2,2025-01-19,2025-02-23,2025-01-28,Used
3,Careful,Dairy,Cheese,5,2025-01-20,2025-02-01,2025-01-21,Used
3,Careful,Grains,Wheat,3,2025-01-21,2025-04-01,2025-03-18,Used
3,Careful,Grains,Wheat,3,2025-01-22,2025-02-24,2025-01-28,Used
3,Careful,Dairy,Cheese,3,2025-01-23,2025-02-04,2025-01-23,Used
3,Careful,Fruits,Banana,1,2025-01-24,2025-01-28,,Wasted
3,Careful,Grains,Rice,3,2025-01-25,2025-03-13,2025-02-03,Used
3,Careful,Fruits,Apple,2,2025-01-26,2025-02-07,2025-01-27,Used
3,Careful,Fruits,Apple,5,2025-01-27,2025-02-06,,Wasted
3,Careful,Vegetables,Tomato,4,2025-01-28,2025-02-03,2025-02-01,Used
3,Careful,Grains,Wheat,1,2025-01-29,2025-04-05,2025-03-22,Used
3,Careful,Dairy,Cheese,1,2025-01-30,2025-02-11,2025-02-04,Used
4,Wasteful,Vegetables,Potato,3,2025-01-01,2025-01-16,,Wasted
4,Wasteful,Dairy,Milk,5,2025-01-02,2025-01-06,,Wasted
4,Wasteful,Fruits,Apple,1,2025-01-03,2025-01-12,2025-01-10,Used
4,Wasteful,Meat,Chicken,5,2025-01-04,2025-01-07,,Wasted
4,Wasteful,Dairy,Cheese,5,2025-01-05,2025-01-12,,Wasted
4,Wasteful,Dairy,Milk,5,2025-01-06,2025-01-11,2025-01-10,Used
4,Wasteful,Grains,Wheat,4,2025-01-07,2025-03-24,,Wasted
4,Wasteful,Meat,Fish,3,2025-01-08,2025-01-10,,Wasted
4,Wasteful,Fruits,Apple,3,2025-01-09,2025-01-22,,Wasted
4,Wasteful,Fruits,Apple,2,2025-01-10,2025-01-23,,Wasted
4,Wasteful,Dairy,Cheese,5,2025-01-11,2025-01-21,,Wasted
4,Wasteful,Grains,Wheat,4,2025-01-12,2025-02-11,2025-01-24,Used
4,Wasteful,Grains,Wheat,1,2025-01-13,2025-03-19,,Wasted
4,Wasteful,Vegetables,Tomato,2,2025-01-14,2025-01-18,,Wasted
4,Wasteful,Dairy,Cheese,3,2025-01-15,2025-01-27,,Wasted
4,Wasteful,Meat,Chicken,2,2025-01-16,2025-01-19,2025-01-17,Used
4,Wasteful,Dairy,Milk,2,2025-01-17,2025-01-20,,Wasted
4,Wasteful,Dairy,Cheese,4,2025-01-18,2025-01-30,2025-01-24,Used
4,Wasteful,Grains,Wheat,2,2025-01-19,2025-04-18,2025-01-22,Used
4,Wasteful,Vegetables,Tomato,3,2025-01-20,2025-01-26,,Wasted
4,Wasteful,Fruits,Banana,3,2025-01-21,2025-01-26,2025-01-24,Used
4,Wasteful,Vegetables,Potato,1,2025-01-22,2025-02-08,2025-02-08,Used
4,Wasteful,Meat,Fish,2,2025-01-23,2025-01-24,2025-01-24,Used
4,Wasteful,Meat,Chicken,3,2025-01-24,2025-01-26,2025-01-25,Used
4,Wasteful,Grains,Wheat,5,2025-01-25,2025-04-07,,Wasted
4,Wasteful,Vegetables,Tomato,5,2025-01-26,2025-02-01,2025-01-29,Used
4,Wasteful,Dairy,Cheese,3,2025-01-27,2025-02-07,,Wasted
4,Wasteful,Meat,Fish,3,2025-01-28,2025-01-29,,Wasted
4,Wasteful,Vegetables,Tomato,4,2025-01-29,2025-02-04,,Wasted
4,Wasteful,Meat,Fish,2,2025-01-30,2025-02-01,2025-01-31,Used
5,Wasteful,Dairy,Cheese,5,2025-01-01,2025-01-14,2025-01-09,Used
5,Wasteful,Vegetables,Potato,1,2025-01-02,2025-01-12,,Wasted
5,Wasteful,Fruits,Apple,2,2025-01-03,2025-01-17,2025-01-05,Used
5,Wasteful,Dairy,Cheese,4,2025-01-04,2025-01-18,2025-01-12,Used
5,Wasteful,Grains,Wheat,5,2025-01-05,2025-02-06,2025-01-17,Used
5,Wasteful,Grains,Wheat,2,2025-01-06,2025-03-07,,Wasted
5,Wasteful,Meat,Chicken,5,2025-01-07,2025-01-09,,Wasted
5,Wasteful,Vegetables,Tomato,2,2025-01-08,2025-01-14,,Wasted
5,Wasteful,Vegetables,Tomato,2,2025-01-09,2025-01-12,,Wasted
5,Wasteful,Fruits,Banana,2,2025-01-10,2025-01-13,,Wasted
5,Wasteful,Dairy,Milk,5,2025-01-11,2025-01-14,2025-01-11,Used
5,Wasteful,Fruits,Banana,5,2025-01-12,2025-01-16,2025-01-13,Used
5,Wasteful,Meat,Fish,2,2025-01-13,2025-01-14,2025-01-14,Used
5,Wasteful,Fruits,Banana,1,2025-01-14,2025-01-17,,Wasted
5,Wasteful,Meat,Fish,1,2025-01-15,2025-01-16,2025-01-15,Used
5,Wasteful,Grains,Rice,5,2025-01-16,2025-03-17,,Wasted
5,Wasteful,Dairy,Cheese,1,2025-01-17,2025-01-30,,Wasted
5,Wasteful,Grains,Rice,3,2025-01-18,2025-02-25,2025-02-02,Used
5,Wasteful,Vegetables,Tomato,2,2025-01-19,2025-01-24,,Wasted
5,Wasteful,Grains,Wheat,5,2025-01-20,2025-04-11,,Wasted
5,Wasteful,Dairy,Cheese,4,2025-01-21,2025-02-03,2025-01-31,Used
5,Wasteful,Fruits,Apple,1,2025-01-22,2025-01-31,,Wasted
5,Wasteful,Meat,Chicken,5,2025-01-23,2025-01-26,2025-01-23,Used
5,Wasteful,Vegetables,Tomato,3,2025-01-24,2025-01-30,,Wasted
5,Wasteful,Dairy,Cheese,4,2025-01-25,2025-02-08,2025-01-30,Used
5,Wasteful,Vegetables,Potato,2,2025-01-26,2025-02-14,,Wasted
5,Wasteful,Grains,Rice,4,2025-01-27,2025-03-06,,Wasted
5,Wasteful,Dairy,Milk,2,2025-01-28,2025-02-01,,Wasted
5,Wasteful,Dairy,Cheese,1,2025-01-29,2025-02-06,,Wasted
5,Wasteful,Vegetables,Potato,2,2025-01-30,2025-02-16,,Wasted
6,Wasteful,Meat,Fish,3,2025-01-01,2025-01-02,2025-01-01,Used
6,Wasteful,Dairy,Milk,1,2025-01-02,2025-01-07,2025-01-04,Used
6,Wasteful,Meat,Fish,1,2025-01-03,2025-01-05,2025-01-03,Used
6,Wasteful,Vegetables,Tomato,4,2025-01-04,2025-01-10,,Wasted
6,Wasteful,Fruits,Banana,3,2025-01-05,2025-01-09,,Wasted
6,Wasteful,Fruits,Apple,1,2025-01-06,2025-01-20,2025-01-15,Used
6,Wasteful,Meat,Chicken,3,2025-01-07,2025-01-10,,Wasted
6,Wasteful,Meat,Fish,4,2025-01-08,2025-01-10,,Wasted
6,Wasteful,Dairy,Cheese,2,2025-01-09,2025-01-21,,Wasted
6,Wasteful,Fruits,Banana,4,2025-01-10,2025-01-14,2025-01-13,Used
6,Wasteful,Vegetables,Potato,2,2025-01-11,2025-01-29,2025-01-14,Used
6,Wasteful,Meat,Chicken,4,2025-01-12,2025-01-14,,Wasted
6,Wasteful,Dairy,Milk,3,2025-01-13,2025-01-18,,Wasted
6,Wasteful,Grains,Wheat,1,2025-01-14,2025-04-01,,Wasted
6,Wasteful,Fruits,Apple,4,2025-01-15,2025-01-27,,Wasted
6,Wasteful,Fruits,Banana,3,2025-01-16,2025-01-19,2025-01-19,Used
6,Wasteful,Grains,Rice,2,2025-01-17,2025-02-25,2025-01-18,Used
6,Wasteful,Grains,Wheat,4,2025-01-18,2025-03-26,,Wasted
6,Wasteful,Fruits,Banana,4,2025-01-19,2025-01-21,2025-01-21,Used
6,Wasteful,Meat,Fish,3,2025-01-20,2025-01-21,,Wasted
6,Wasteful,Dairy,Cheese,3,2025-01-21,2025-01-28,2025-01-28,Used
6,Wasteful,Dairy,Cheese,2,2025-01-22,2025-02-02,2025-01-27,Used
6,Wasteful,Dairy,Milk,3,2025-01-23,2025-01-28,,Wasted
6,Wasteful,Grains,Wheat,1,2025-01-24,2025-03-11,2025-02-22,Used
6,Wasteful,Fruits,Banana,3,2025-01-25,2025-01-27,,Wasted
6,Wasteful,Fruits,Apple,4,2025-01-26,2025-02-09,2025-02-09,Used
6,Wasteful,Meat,Chicken,5,2025-01-27,2025-01-29,,Wasted
6,Wasteful,Dairy,Cheese,2,2025-01-28,2025-02-07,,Wasted
6,Wasteful,Meat,Chicken,3,2025-01-29,2025-01-31,2025-01-29,Used
6,Wasteful,Vegetables,Potato,4,2025-01-30,2025-02-15,,Wasted
7,Wasteful,Dairy,Cheese,1,2025-01-01,2025-01-12,,Wasted
7,Wasteful,Fruits,Apple,2,2025-01-02,2025-01-15,2025-01-02,Used
7,Wasteful,Grains,Wheat,4,2025-01-03,2025-03-21,2025-01-04,Used
7,Wasteful,Dairy,Milk,5,2025-01-04,2025-01-08,2025-01-08,Used
7,Wasteful,Grains,Rice,4,2025-01-05,2025-02-12,,Wasted
7,Wasteful,Meat,Fish,2,2025-01-06,2025-01-08,2025-01-06,Used
7,Wasteful,Vegetables,Potato,2,2025-01-07,2025-01-23,,Wasted
7,Wasteful,Dairy,Cheese,1,2025-01-08,2025-01-21,2025-01-17,Used
7,Wasteful,Dairy,Cheese,1,2025-01-09,2025-01-23,,Wasted
7,Wasteful,Grains,Rice,2,2025-01-10,2025-02-26,,Wasted
7,Wasteful,Meat,Fish,4,2025-01-11,2025-01-12,,Wasted
7,Wasteful,Dairy,Milk,1,2025-01-12,2025-01-17,,Wasted
7,Wasteful,Meat,Fish,5,2025-01-13,2025-01-14,2025-01-14,Used
7,Wasteful,Grains,Wheat,1,2025-01-14,2025-02-28,,Wasted
7,Wasteful,Meat,Fish,3,2025-01-15,2025-01-17,2025-01-17,Used
7,Wasteful,Dairy,Milk,2,2025-01-16,2025-01-19,2025-01-16,Used
7,Wasteful,Grains,Rice,2,2025-01-17,2025-03-04,2025-02-07,Used
7,Wasteful,Dairy,Milk,4,2025-01-18,2025-01-23,2025-01-18,Used
7,Wasteful,Grains,Rice,4,2025-01-19,2025-03-10,,Wasted
7,Wasteful,Fruits,Apple,3,2025-01-20,2025-01-31,2025-01-29,Used
7,Wasteful,Dairy,Milk,4,2025-01-21,2025-01-24,2025-01-24,Used
7,Wasteful,Meat,Chicken,4,2025-01-22,2025-01-24,,Wasted
7,Wasteful,Dairy,Milk,5,2025-01-23,2025-01-26,2025-01-23,Used
7,Wasteful,Dairy,Cheese,2,2025-01-24,2025-01-31,2025-01-24,Used
7,Wasteful,Vegetables,Tomato,2,2025-01-25,2025-01-30,2025-01-27,Used
7,Wasteful,Fruits,Banana,3,2025-01-26,2025-01-28,,Wasted
7,Wasteful,Meat,Fish,1,2025-01-27,2025-01-29,2025-01-29,Used
7,Wasteful,Vegetables,Tomato,1,2025-01-28,2025-02-02,2025-01-29,Used
7,Wasteful,Dairy,Milk,5,2025-01-29,2025-02-01,2025-01-29,Used
7,Wasteful,Dairy,Milk,2,2025-01-30,2025-02-02,2025-01-31,Used
8,Wasteful,Vegetables,Tomato,2,2025-01-01,2025-01-04,2025-01-01,Used
8,Wasteful,Fruits,Apple,4,2025-01-02,2025-01-16,,Wasted
8,Wasteful,Fruits,Banana,1,2025-01-03,2025-01-08,,Wasted
8,Wasteful,Meat,Fish,5,2025-01-04,2025-01-06,2025-01-05,Used
8,Wasteful,Fruits,Apple,3,2025-01-05,2025-01-16,,Wasted
8,Wasteful,Vegetables,Tomato,5,2025-01-06,2025-01-12,2025-01-06,Used
8,Wasteful,Dairy,Cheese,1,2025-01-07,2025-01-18,,Wasted
8,Wasteful,Vegetables,Tomato,4,2025-01-08,2025-01-11,2025-01-09,Used
8,Wasteful,Vegetables,Potato,4,2025-01-09,2025-01-21,2025-01-21,Used
8,Wasteful,Fruits,Banana,2,2025-01-10,2025-01-15,,Wasted
8,Wasteful,Vegetables,Potato,3,2025-01-11,2025-01-31,,Wasted
8,Wasteful,Vegetables,Potato,4,2025-01-12,2025-01-24,,Wasted
8,Wasteful,Meat,Fish,5,2025-01-13,2025-01-15,2025-01-15,Used
8,Wasteful,Meat,Chicken,1,2025-01-14,2025-01-17,2025-01-15,Used
8,Wasteful,Meat,Chicken,3,2025-01-15,2025-01-17,2025-01-17,Used
8,Wasteful,Vegetables,Potato,2,2025-01-16,2025-01-28,2025-01-19,Used
8,Wasteful,Dairy,Milk,4,2025-01-17,2025-01-22,2025-01-21,Used
8,Wasteful,Fruits,Banana,4,2025-01-18,2025-01-22,2025-01-20,Used
8,Wasteful,Grains,Rice,1,2025-01-19,2025-03-05,2025-03-03,Used
8,Wasteful,Dairy,Cheese,5,2025-01-20,2025-01-30,,Wasted
8,Wasteful,Dairy,Milk,2,2025-01-21,2025-01-26,2025-01-24,Used
8,Wasteful,Meat,Fish,5,2025-01-22,2025-01-23,,Wasted
8,Wasteful,Grains,Rice,5,2025-01-23,2025-02-28,2025-02-08,Used
8,Wasteful,Grains,Rice,2,2025-01-24,2025-03-18,2025-03-12,Used
8,Wasteful,Fruits,Apple,2,2025-01-25,2025-02-05,2025-01-25,Used
8,Wasteful,Meat,Fish,5,2025-01-26,2025-01-28,,Wasted
8,Wasteful,Grains,Rice,4,2025-01-27,2025-03-26,2025-03-26,Used
8,Wasteful,Fruits,Apple,5,2025-01-28,2025-02-10,,Wasted
8,Wasteful,Dairy,Cheese,5,2025-01-29,2025-02-05,2025-02-05,Used
8,Wasteful,Fruits,Banana,5,2025-01-30,2025-02-03,,Wasted
9,Careful,Fruits,Banana,1,2025-01-01,2025-01-05,2025-01-02,Used
9,Careful,Dairy,Milk,4,2025-01-02,2025-01-06,,Wasted
9,Careful,Fruits,Banana,4,2025-01-03,2025-01-07,2025-01-05,Used
9,Careful,Dairy,Cheese,1,2025-01-04,2025-01-17,2025-01-10,Used
9,Careful,Meat,Chicken,3,2025-01-05,2025-01-08,2025-01-08,Used
9,Careful,Meat,Fish,5,2025-01-06,2025-01-08,,Wasted
9,Careful,Fruits,Banana,5,2025-01-07,2025-01-12,2025-01-11,Used
9,Careful,Vegetables,Potato,3,2025-01-08,2025-01-19,2025-01-13,Used
9,Careful,Grains,Rice,3,2025-01-09,2025-02-10,2025-01-20,Used
9,Careful,Vegetables,Potato,1,2025-01-10,2025-01-23,2025-01-16,Used
9,Careful,Dairy,Milk,3,2025-01-11,2025-01-15,2025-01-13,Used
9,Careful,Meat,Chicken,1,2025-01-12,2025-01-14,2025-01-12,Used
9,Careful,Dairy,Milk,1,2025-01-13,2025-01-18,2025-01-18,Used
9,Careful,Dairy,Milk,3,2025-01-14,2025-01-18,2025-01-17,Used
9,Careful,Meat,Chicken,4,2025-01-15,2025-01-17,2025-01-15,Used
9,Careful,Fruits,Banana,2,2025-01-16,2025-01-21,2025-01-21,Used
9,Careful,Vegetables,Potato,2,2025-01-17,2025-02-02,2025-01-23,Used
9,Careful,Vegetables,Potato,5,2025-01-18,2025-01-28,2025-01-26,Used
9,Careful,Fruits,Banana,2,2025-01-19,2025-01-24,2025-01-20,Used
9,Careful,Meat,Chicken,3,2025-01-20,2025-01-22,2025-01-20,Used
9,Careful,Vegetables,Potato,2,2025-01-21,2025-02-10,2025-02-09,Used
9,Careful,Dairy,Cheese,4,2025-01-22,2025-01-29,2025-01-22,Used
9,Careful,Dairy,Cheese,4,2025-01-23,2025-01-30,,Wasted
9,Careful,Dairy,Milk,5,2025-01-24,2025-01-29,2025-01-24,Used
9,Careful,Dairy,Cheese,5,2025-01-25,2025-02-05,2025-01-25,Used
9,Careful,Dairy,Cheese,4,2025-01-26,2025-02-05,2025-01-28,Used
9,Careful,Grains,Rice,5,2025-01-27,2025-03-27,2025-02-04,Used
9,Careful,Vegetables,Potato,1,2025-01-28,2025-02-17,2025-02-15,Used
9,Careful,Meat,Fish,2,2025-01-29,2025-01-30,2025-01-30,Used
9,Careful,Dairy,Milk,3,2025-01-30,2025-02-04,2025-02-01,Used
10,Careful,Dairy,Cheese,2,2025-01-01,2025-01-13,2025-01-12,Used
10,Careful,Dairy,Cheese,5,2025-01-02,2025-01-13,2025-01-10,Used
10,Careful,Dairy,Milk,2,2025-01-03,2025-01-08,2025-01-03,Used
10,Careful,Dairy,Milk,4,2025-01-04,2025-01-08,2025-01-04,Used
10,Careful,Grains,Rice,2,2025-01-05,2025-02-25,2025-02-15,Used
10,Careful,Fruits,Apple,3,2025-01-06,2025-01-17,2025-01-09,Used
10,Careful,Grains,Wheat,1,2025-01-07,2025-02-18,,Wasted
10,Careful,Grains,Wheat,1,2025-01-08,2025-03-07,2025-03-02,Used
10,Careful,Grains,Rice,4,2025-01-09,2025-02-26,2025-02-24,Used
10,Careful,Dairy,Cheese,3,2025-01-10,2025-01-21,2025-01-16,Used
10,Careful,Vegetables,Potato,3,2025-01-11,2025-01-24,,Wasted
10,Careful,Vegetables,Potato,1,2025-01-12,2025-01-25,2025-01-19,Used
10,Careful,Fruits,Banana,4,2025-01-13,2025-01-15,2025-01-14,Used
10,Careful,Fruits,Apple,2,2025-01-14,2025-01-28,2025-01-17,Used
10,Careful,Meat,Chicken,1,2025-01-15,2025-01-18,2025-01-17,Used
10,Careful,Dairy,Milk,5,2025-01-16,2025-01-20,2025-01-19,Used
10,Careful,Fruits,Banana,4,2025-01-17,2025-01-20,2025-01-18,Used
10,Careful,Dairy,Cheese,5,2025-01-18,2025-02-01,2025-01-29,Used
10,Careful,Vegetables,Potato,3,2025-01-19,2025-01-29,2025-01-22,Used
10,Careful,Fruits,Banana,1,2025-01-20,2025-01-24,2025-01-24,Used
10,Careful,Meat,Chicken,1,2025-01-21,2025-01-24,2025-01-24,Used
10,Careful,Meat,Fish,2,2025-01-22,2025-01-23,2025-01-23,Used
10,Careful,Dairy,Milk,2,2025-01-23,2025-01-27,2025-01-24,Used
10,Careful,Fruits,Banana,1,2025-01-24,2025-01-29,,Wasted
10,Careful,Dairy,Cheese,2,2025-01-25,2025-02-01,,Wasted
10,Careful,Dairy,Milk,5,2025-01-26,2025-01-29,2025-01-26,Used
10,Careful,Meat,Fish,5,2025-01-27,2025-01-29,2025-01-28,Used
10,Careful,Vegetables,Potato,4,2025-01-28,2025-02-15,2025-01-31,Used
10,Careful,Meat,Chicken,5,2025-01-29,2025-02-01,2025-02-01,Used
10,Careful,Fruits,Apple,2,2025-01-30,2025-02-06,2025-02-01,Used
11,Average,Dairy,Milk,2,2025-01-01,2025-01-04,,Wasted
11,Average,Dairy,Cheese,4,2025-01-02,2025-01-15,,Wasted
11,Average,Dairy,Milk,1,2025-01-03,2025-01-08,2025-01-07,Used
11,Average,Meat,Fish,5,2025-01-04,2025-01-06,2025-01-05,Used
11,Average,Grains,Rice,2,2025-01-05,2025-02-25,2025-02-14,Used
11,Average,Dairy,Cheese,4,2025-01-06,2025-01-18,2025-01-17,Used
11,Average,Meat,Chicken,4,2025-01-07,2025-01-10,2025-01-10,Used
11,Average,Vegetables,Potato,1,2025-01-08,2025-01-25,2025-01-08,Used
11,Average,Dairy,Milk,4,2025-01-09,2025-01-12,2025-01-11,Used
11,Average,Grains,Wheat,4,2025-01-10,2025-02-10,2025-01-17,Used
11,Average,Vegetables,Tomato,2,2025-01-11,2025-01-18,2025-01-13,Used
11,Average,Vegetables,Potato,5,2025-01-12,2025-01-24,2025-01-12,Used
11,Average,Grains,Wheat,2,2025-01-13,2025-03-13,,Wasted
11,Average,Fruits,Apple,3,2025-01-14,2025-01-26,2025-01-24,Used
11,Average,Fruits,Apple,1,2025-01-15,2025-01-26,2025-01-15,Used
11,Average,Grains,Rice,5,2025-01-16,2025-03-16,2025-01-25,Used
11,Average,Meat,Chicken,1,2025-01-17,2025-01-19,2025-01-17,Used
11,Average,Vegetables,Potato,4,2025-01-18,2025-02-06,,Wasted
11,Average,Fruits,Apple,2,2025-01-19,2025-01-26,,Wasted
11,Average,Fruits,Banana,3,2025-01-20,2025-01-22,2025-01-20,Used
11,Average,Meat,Chicken,4,2025-01-21,2025-01-24,2025-01-24,Used
11,Average,Grains,Rice,1,2025-01-22,2025-02-28,,Wasted
11,Average,Fruits,Apple,1,2025-01-23,2025-02-05,,Wasted
11,Average,Dairy,Milk,1,2025-01-24,2025-01-28,,Wasted
11,Average,Vegetables,Potato,2,2025-01-25,2025-02-08,2025-01-30,Used
11,Average,Grains,Rice,2,2025-01-26,2025-03-19,2025-02-04,Used
11,Average,Fruits,Apple,4,2025-01-27,2025-02-08,2025-02-07,Used
11,Average,Meat,Fish,5,2025-01-28,2025-01-29,2025-01-29,Used
11,Average,Grains,Rice,5,2025-01-29,2025-03-05,2025-02-06,Used
11,Average,Grains,Rice,3,2025-01-30,2025-03-17,,Wasted
12,Careful,Vegetables,Tomato,5,2025-01-01,2025-01-04,2025-01-03,Used
12,Careful,Meat,Chicken,4,2025-01-02,2025-01-04,2025-01-03,Used
12,Careful,Vegetables,Tomato,3,2025-01-03,2025-01-09,2025-01-08,Used
12,Careful,Grains,Rice,5,2025-01-04,2025-02-10,2025-02-10,Used
12,Careful,Meat,Chicken,1,2025-01-05,2025-01-07,2025-01-05,Used
12,Careful,Fruits,Banana,1,2025-01-06,2025-01-09,2025-01-08,Used
12,Careful,Vegetables,Potato,4,2025-01-07,2025-01-27,2025-01-18,Used
12,Careful,Grains,Rice,3,2025-01-08,2025-02-17,2025-01-13,Used
12,Careful,Fruits,Banana,3,2025-01-09,2025-01-14,2025-01-11,Used
12,Careful,Grains,Wheat,3,2025-01-10,2025-02-18,2025-02-04,Used
12,Careful,Dairy,Milk,3,2025-01-11,2025-01-15,2025-01-12,Used
12,Careful,Vegetables,Potato,4,2025-01-12,2025-01-24,2025-01-21,Used
12,Careful,Fruits,Banana,4,2025-01-13,2025-01-16,2025-01-15,Used
12,Careful,Meat,Chicken,4,2025-01-14,2025-01-16,2025-01-16,Used
12,Careful,Meat,Fish,5,2025-01-15,2025-01-16,2025-01-16,Used
12,Careful,Dairy,Milk,3,2025-01-16,2025-01-21,,Wasted
12,Careful,Fruits,Banana,2,2025-01-17,2025-01-20,2025-01-19,Used
12,Careful,Meat,Fish,1,2025-01-18,2025-01-19,2025-01-18,Used
12,Careful,Fruits,Apple,1,2025-01-19,2025-02-01,2025-02-01,Used
12,Careful,Vegetables,Potato,4,2025-01-20,2025-01-30,2025-01-24,Used
12,Careful,Dairy,Cheese,4,2025-01-21,2025-01-31,2025-01-27,Used
12,Careful,Meat,Chicken,4,2025-01-22,2025-01-25,2025-01-22,Used
12,Careful,Meat,Fish,2,2025-01-23,2025-01-24,2025-01-23,Used
12,Careful,Fruits,Banana,1,2025-01-24,2025-01-27,2025-01-25,Used
12,Careful,Meat,Fish,5,2025-01-25,2025-01-27,2025-01-27,Used
12,Careful,Dairy,Cheese,3,2025-01-26,2025-02-07,2025-02-04,Used
12,Careful,Grains,Wheat,2,2025-01-27,2025-03-25,2025-02-27,Used
12,Careful,Grains,Wheat,3,2025-01-28,2025-03-13,2025-02-10,Used
12,Careful,Vegetables,Tomato,5,2025-01-29,2025-02-04,2025-02-02,Used
12,Careful,Meat,Chicken,4,2025-01-30,2025-02-01,2025-01-30,Used
13,Wasteful,Grains,Rice,3,2025-01-01,2025-02-08,,Wasted
13,Wasteful,Vegetables,Potato,1,2025-01-02,2025-01-19,2025-01-04,Used
13,Wasteful,Meat,Chicken,2,2025-01-03,2025-01-06,2025-01-03,Used
13,Wasteful,Grains,Rice,5,2025-01-04,2025-02-17,2025-02-17,Used
13,Wasteful,Meat,Fish,5,2025-01-05,2025-01-07,,Wasted
13,Wasteful,Grains,Rice,1,2025-01-06,2025-02-11,,Wasted
13,Wasteful,Dairy,Cheese,1,2025-01-07,2025-01-14,2025-01-09,Used
13,Wasteful,Meat,Chicken,2,2025-01-08,2025-01-11,2025-01-10,Used
13,Wasteful,Meat,Chicken,1,2025-01-09,2025-01-11,2025-01-09,Used
13,Wasteful,Dairy,Cheese,3,2025-01-10,2025-01-21,,Wasted
13,Wasteful,Dairy,Cheese,4,2025-01-11,2025-01-24,2025-01-11,Used
13,Wasteful,Fruits,Apple,3,2025-01-12,2025-01-19,,Wasted
13,Wasteful,Vegetables,Tomato,1,2025-01-13,2025-01-16,,Wasted
13,Wasteful,Meat,Fish,4,2025-01-14,2025-01-16,2025-01-16,Used
13,Wasteful,Meat,Fish,3,2025-01-15,2025-01-17,2025-01-17,Used
13,Wasteful,Fruits,Apple,3,2025-01-16,2025-01-24,,Wasted
13,Wasteful,Meat,Chicken,5,2025-01-17,2025-01-19,,Wasted
13,Wasteful,Grains,Wheat,4,2025-01-18,2025-04-04,2025-02-15,Used
13,Wasteful,Fruits,Banana,3,2025-01-19,2025-01-22,2025-01-22,Used
13,Wasteful,Fruits,Banana,3,2025-01-20,2025-01-24,,Wasted
13,Wasteful,Grains,Rice,1,2025-01-21,2025-03-05,2025-02-27,Used
13,Wasteful,Grains,Wheat,2,2025-01-22,2025-04-06,,Wasted
13,Wasteful,Dairy,Cheese,2,2025-01-23,2025-02-01,2025-01-28,Used
13,Wasteful,Dairy,Milk,1,2025-01-24,2025-01-29,2025-01-25,Used
13,Wasteful,Grains,Rice,5,2025-01-25,2025-02-27,,Wasted
13,Wasteful,Vegetables,Tomato,2,2025-01-26,2025-01-31,2025-01-27,Used
13,Wasteful,Dairy,Milk,1,2025-01-27,2025-01-31,2025-01-30,Used
13,Wasteful,Dairy,Milk,1,2025-01-28,2025-02-01,2025-01-28,Used
13,Wasteful,Dairy,Milk,1,2025-01-29,2025-02-01,2025-01-30,Used
13,Wasteful,Fruits,Apple,1,2025-01-30,2025-02-10,2025-02-10,Used
14,Wasteful,Meat,Chicken,5,2025-01-01,2025-01-03,2025-01-03,Used
14,Wasteful,Grains,Rice,3,2025-01-02,2025-02-07,2025-02-03,Used
14,Wasteful,Dairy,Cheese,3,2025-01-03,2025-01-12,2025-01-04,Used
14,Wasteful,Fruits,Apple,4,2025-01-04,2025-01-14,2025-01-14,Used
14,Wasteful,Meat,Chicken,1,2025-01-05,2025-01-08,,Wasted
14,Wasteful,Meat,Chicken,1,2025-01-06,2025-01-09,2025-01-08,Used
14,Wasteful,Vegetables,Tomato,2,2025-01-07,2025-01-13,2025-01-10,Used
14,Wasteful,Grains,Wheat,2,2025-01-08,2025-03-17,2025-01-12,Used
14,Wasteful,Vegetables,Tomato,2,2025-01-09,2025-01-16,,Wasted
14,Wasteful,Fruits,Banana,4,2025-01-10,2025-01-14,2025-01-13,Used
14,Wasteful,Vegetables,Tomato,1,2025-01-11,2025-01-14,,Wasted
14,Wasteful,Vegetables,Tomato,4,2025-01-12,2025-01-15,,Wasted
14,Wasteful,Fruits,Apple,3,2025-01-13,2025-01-25,2025-01-19,Used
14,Wasteful,Grains,Wheat,4,2025-01-14,2025-04-07,2025-03-21,Used
14,Wasteful,Dairy,Milk,3,2025-01-15,2025-01-19,2025-01-15,Used
14,Wasteful,Vegetables,Potato,1,2025-01-16,2025-01-29,,Wasted
14,Wasteful,Meat,Fish,2,2025-01-17,2025-01-19,,Wasted
14,Wasteful,Meat,Chicken,3,2025-01-18,2025-01-21,2025-01-21,Used
14,Wasteful,Fruits,Banana,5,2025-01-19,2025-01-21,2025-01-20,Used
14,Wasteful,Vegetables,Potato,4,2025-01-20,2025-02-02,,Wasted
14,Wasteful,Meat,Chicken,5,2025-01-21,2025-01-23,2025-01-23,Used
14,Wasteful,Grains,Rice,1,2025-01-22,2025-03-18,2025-02-07,Used
14,Wasteful,Fruits,Apple,1,2025-01-23,2025-01-31,,Wasted
14,Wasteful,Vegetables,Tomato,3,2025-01-24,2025-01-29,2025-01-25,Used
14,Wasteful,Meat,Chicken,1,2025-01-25,2025-01-27,,Wasted
14,Wasteful,Fruits,Banana,4,2025-01-26,2025-01-29,2025-01-26,Used
14,Wasteful,Vegetables,Potato,5,2025-01-27,2025-02-13,2025-02-10,Used
14,Wasteful,Grains,Wheat,3,2025-01-28,2025-03-21,,Wasted
14,Wasteful,Vegetables,Tomato,2,2025-01-29,2025-02-05,,Wasted
14,Wasteful,Grains,Rice,1,2025-01-30,2025-03-17,2025-03-15,Used
15,Average,Fruits,Apple,1,2025-01-01,2025-01-13,,Wasted
15,Average,Meat,Fish,2,2025-01-02,2025-01-03,,Wasted
15,Average,Grains,Rice,2,2025-01-03,2025-02-08,,Wasted
15,Average,Meat,Fish,3,2025-01-04,2025-01-05,2025-01-04,Used
15,Average,Dairy,Milk,2,2025-01-05,2025-01-08,2025-01-07,Used
15,Average,Meat,Fish,1,2025-01-06,2025-01-07,2025-01-07,Used
15,Average,Vegetables,Tomato,5,2025-01-07,2025-01-10,2025-01-08,Used
15,Average,Grains,Rice,2,2025-01-08,2025-02-13,2025-01-11,Used
15,Average,Dairy,Cheese,1,2025-01-09,2025-01-18,2025-01-10,Used
15,Average,Grains,Rice,5,2025-01-10,2025-02-11,2025-02-02,Used
15,Average,Grains,Rice,5,2025-01-11,2025-02-25,2025-01-14,Used
15,Average,Vegetables,Tomato,5,2025-01-12,2025-01-19,2025-01-14,Used
15,Average,Dairy,Cheese,1,2025-01-13,2025-01-26,2025-01-16,Used
15,Average,Dairy,Milk,4,2025-01-14,2025-01-18,2025-01-15,Used
15,Average,Meat,Fish,3,2025-01-15,2025-01-16,2025-01-15,Used
15,Average,Meat,Chicken,3,2025-01-16,2025-01-18,2025-01-16,Used
15,Average,Grains,Wheat,2,2025-01-17,2025-03-22,,Wasted
15,Average,Dairy,Milk,1,2025-01-18,2025-01-21,2025-01-21,Used
15,Average,Meat,Chicken,5,2025-01-19,2025-01-21,2025-01-21,Used
15,Average,Grains,Wheat,5,2025-01-20,2025-03-12,,Wasted
15,Average,Fruits,Apple,2,2025-01-21,2025-02-01,2025-01-26,Used
15,Average,Dairy,Cheese,1,2025-01-22,2025-02-04,2025-01-23,Used
15,Average,Meat,Chicken,3,2025-01-23,2025-01-26,2025-01-23,Used
15,Average,Vegetables,Tomato,2,2025-01-24,2025-01-30,2025-01-30,Used
15,Average,Fruits,Banana,5,2025-01-25,2025-01-29,2025-01-27,Used
15,Average,Grains,Wheat,3,2025-01-26,2025-04-17,2025-02-08,Used
15,Average,Dairy,Cheese,2,2025-01-27,2025-02-03,,Wasted
15,Average,Dairy,Cheese,3,2025-01-28,2025-02-05,,Wasted
15,Average,Fruits,Apple,2,2025-01-29,2025-02-09,2025-02-07,Used
15,Average,Fruits,Apple,4,2025-01-30,2025-02-10,,Wasted
16,Average,Vegetables,Tomato,2,2025-01-01,2025-01-06,2025-01-03,Used
16,Average,Dairy,Cheese,3,2025-01-02,2025-01-16,2025-01-14,Used
16,Average,Grains,Wheat,2,2025-01-03,2025-03-03,,Wasted
16,Average,Vegetables,Potato,5,2025-01-04,2025-01-19,2025-01-07,Used
16,Average,Meat,Chicken,5,2025-01-05,2025-01-07,,Wasted
16,Average,Fruits,Banana,4,2025-01-06,2025-01-11,2025-01-07,Used
16,Average,Dairy,Milk,1,2025-01-07,2025-01-10,2025-01-10,Used
16,Average,Fruits,Apple,4,2025-01-08,2025-01-18,,Wasted
16,Average,Grains,Rice,1,2025-01-09,2025-02-19,2025-02-17,Used
16,Average,Dairy,Milk,2,2025-01-10,2025-01-14,2025-01-13,Used
16,Average,Dairy,Cheese,1,2025-01-11,2025-01-23,,Wasted
16,Average,Vegetables,Tomato,5,2025-01-12,2025-01-17,2025-01-12,Used
16,Average,Meat,Chicken,4,2025-01-13,2025-01-15,2025-01-14,Used
16,Average,Grains,Wheat,5,2025-01-14,2025-03-30,2025-01-14,Used
16,Average,Fruits,Banana,5,2025-01-15,2025-01-20,2025-01-17,Used
16,Average,Vegetables,Tomato,3,2025-01-16,2025-01-22,2025-01-17,Used
16,Average,Meat,Fish,3,2025-01-17,2025-01-19,2025-01-18,Used
16,Average,Dairy,Cheese,1,2025-01-18,2025-01-27,2025-01-20,Used
16,Average,Dairy,Milk,1,2025-01-19,2025-01-22,,Wasted
16,Average,Dairy,Milk,1,2025-01-20,2025-01-23,2025-01-23,Used
16,Average,Fruits,Apple,1,2025-01-21,2025-01-30,2025-01-24,Used
16,Average,Vegetables,Tomato,4,2025-01-22,2025-01-28,,Wasted
16,Average,Meat,Fish,1,2025-01-23,2025-01-25,2025-01-24,Used
16,Average,Dairy,Milk,1,2025-01-24,2025-01-27,,Wasted
16,Average,Dairy,Cheese,3,2025-01-25,2025-02-06,2025-02-02,Used
16,Average,Fruits,Apple,1,2025-01-26,2025-02-06,2025-02-04,Used
16,Average,Dairy,Milk,1,2025-01-27,2025-02-01,2025-01-29,Used
16,Average,Vegetables,Tomato,4,2025-01-28,2025-01-31,,Wasted
16,Average,Meat,Chicken,2,2025-01-29,2025-02-01,2025-01-31,Used
16,Average,Dairy,Cheese,1,2025-01-30,2025-02-07,,Wasted
17,Wasteful,Grains,Rice,1,2025-01-01,2025-02-03,,Wasted
17,Wasteful,Dairy,Cheese,4,2025-01-02,2025-01-10,,Wasted
17,Wasteful,Grains,Rice,5,2025-01-03,2025-02-12,,Wasted
17,Wasteful,Fruits,Apple,3,2025-01-04,2025-01-12,,Wasted
17,Wasteful,Fruits,Banana,4,2025-01-05,2025-01-10,2025-01-07,Used
17,Wasteful,Fruits,Banana,5,2025-01-06,2025-01-09,2025-01-06,Used
17,Wasteful,Fruits,Apple,1,2025-01-07,2025-01-20,2025-01-14,Used
17,Wasteful,Fruits,Apple,1,2025-01-08,2025-01-17,2025-01-11,Used
17,Wasteful,Grains,Wheat,1,2025-01-09,2025-02-09,2025-01-29,Used
17,Wasteful,Fruits,Apple,3,2025-01-10,2025-01-19,2025-01-15,Used
17,Wasteful,Meat,Chicken,3,2025-01-11,2025-01-14,2025-01-14,Used
17,Wasteful,Fruits,Banana,4,2025-01-12,2025-01-15,,Wasted
17,Wasteful,Dairy,Milk,1,2025-01-13,2025-01-16,,Wasted
17,Wasteful,Fruits,Apple,3,2025-01-14,2025-01-21,2025-01-15,Used
17,Wasteful,Vegetables,Tomato,5,2025-01-15,2025-01-22,2025-01-22,Used
17,Wasteful,Vegetables,Potato,2,2025-01-16,2025-01-30,2025-01-23,Used
17,Wasteful,Fruits,Banana,3,2025-01-17,2025-01-20,2025-01-19,Used
17,Wasteful,Meat,Chicken,4,2025-01-18,2025-01-20,2025-01-18,Used
17,Wasteful,Meat,Chicken,1,2025-01-19,2025-01-21,2025-01-19,Used
17,Wasteful,Dairy,Milk,2,2025-01-20,2025-01-24,,Wasted
17,Wasteful,Dairy,Milk,4,2025-01-21,2025-01-24,2025-01-24,Used
17,Wasteful,Fruits,Banana,2,2025-01-22,2025-01-27,2025-01-23,Used
17,Wasteful,Meat,Chicken,4,2025-01-23,2025-01-25,2025-01-24,Used
17,Wasteful,Fruits,Apple,5,2025-01-24,2025-02-07,2025-01-31,Used
17,Wasteful,Meat,Fish,3,2025-01-25,2025-01-27,2025-01-27,Used
17,Wasteful,Grains,Wheat,5,2025-01-26,2025-04-03,2025-03-08,Used
17,Wasteful,Dairy,Cheese,4,2025-01-27,2025-02-09,2025-02-08,Used
17,Wasteful,Grains,Wheat,3,2025-01-28,2025-03-15,,Wasted
17,Wasteful,Dairy,Cheese,3,2025-01-29,2025-02-07,,Wasted
17,Wasteful,Meat,Chicken,3,2025-01-30,2025-02-01,,Wasted
18,Wasteful,Fruits,Apple,5,2025-01-01,2025-01-10,2025-01-04,Used
18,Wasteful,Dairy,Cheese,4,2025-01-02,2025-01-12,,Wasted
18,Wasteful,Meat,Fish,4,2025-01-03,2025-01-04,2025-01-03,Used
18,Wasteful,Grains,Rice,5,2025-01-04,2025-02-06,,Wasted
18,Wasteful,Meat,Chicken,2,2025-01-05,2025-01-07,2025-01-05,Used
18,Wasteful,Vegetables,Tomato,3,2025-01-06,2025-01-10,,Wasted
18,Wasteful,Grains,Wheat,4,2025-01-07,2025-02-11,,Wasted
18,Wasteful,Fruits,Banana,5,2025-01-08,2025-01-11,,Wasted
18,Wasteful,Grains,Rice,4,2025-01-09,2025-03-01,2025-01-26,Used
18,Wasteful,Vegetables,Tomato,4,2025-01-10,2025-01-14,2025-01-13,Used
18,Wasteful,Meat,Chicken,4,2025-01-11,2025-01-14,2025-01-11,Used
18,Wasteful,Dairy,Cheese,2,2025-01-12,2025-01-23,2025-01-15,Used
18,Wasteful,Grains,Wheat,1,2025-01-13,2025-02-22,,Wasted
18,Wasteful,Dairy,Cheese,2,2025-01-14,2025-01-28,2025-01-28,Used
18,Wasteful,Meat,Fish,5,2025-01-15,2025-01-16,,Wasted
18,Wasteful,Dairy,Cheese,1,2025-01-16,2025-01-23,,Wasted
18,Wasteful,Meat,Chicken,4,2025-01-17,2025-01-19,,Wasted
18,Wasteful,Vegetables,Tomato,2,2025-01-18,2025-01-25,,Wasted
18,Wasteful,Vegetables,Potato,5,2025-01-19,2025-02-07,2025-01-26,Used
18,Wasteful,Grains,Rice,5,2025-01-20,2025-03-17,2025-02-12,Used
18,Wasteful,Grains,Rice,3,2025-01-21,2025-03-13,,Wasted
18,Wasteful,Meat,Fish,3,2025-01-22,2025-01-23,2025-01-23,Used
18,Wasteful,Grains,Wheat,4,2025-01-23,2025-03-26,2025-02-09,Used
18,Wasteful,Fruits,Banana,4,2025-01-24,2025-01-29,,Wasted
18,Wasteful,Meat,Chicken,4,2025-01-25,2025-01-27,2025-01-25,Used
18,Wasteful,Fruits,Apple,3,2025-01-26,2025-02-05,,Wasted
18,Wasteful,Meat,Fish,1,2025-01-27,2025-01-28,2025-01-27,Used
18,Wasteful,Grains,Rice,1,2025-01-28,2025-03-25,,Wasted
18,Wasteful,Meat,Fish,1,2025-01-29,2025-01-30,2025-01-30,Used
18,Wasteful,Meat,Fish,4,2025-01-30,2025-01-31,,Wasted
19,Wasteful,Grains,Rice,3,2025-01-01,2025-02-21,,Wasted
19,Wasteful,Fruits,Apple,2,2025-01-02,2025-01-11,2025-01-04,Used
19,Wasteful,Fruits,Banana,1,2025-01-03,2025-01-06,,Wasted
19,Wasteful,Fruits,Apple,1,2025-01-04,2025-01-16,2025-01-10,Used
19,Wasteful,Vegetables,Tomato,5,2025-01-05,2025-01-11,2025-01-08,Used
19,Wasteful,Vegetables,Potato,1,2025-01-06,2025-01-25,2025-01-07,Used
19,Wasteful,Vegetables,Potato,2,2025-01-07,2025-01-24,,Wasted
19,Wasteful,Meat,Fish,4,2025-01-08,2025-01-10,2025-01-10,Used
19,Wasteful,Meat,Fish,1,2025-01-09,2025-01-11,,Wasted
19,Wasteful,Dairy,Milk,4,2025-01-10,2025-01-15,,Wasted
19,Wasteful,Meat,Fish,4,2025-01-11,2025-01-13,2025-01-12,Used
19,Wasteful,Fruits,Banana,2,2025-01-12,2025-01-14,2025-01-13,Used
19,Wasteful,Fruits,Apple,1,2025-01-13,2025-01-26,2025-01-22,Used
19,Wasteful,Dairy,Milk,3,2025-01-14,2025-01-17,2025-01-17,Used
19,Wasteful,Fruits,Apple,2,2025-01-15,2025-01-23,2025-01-18,Used
19,Wasteful,Meat,Chicken,4,2025-01-16,2025-01-18,,Wasted
19,Wasteful,Grains,Rice,3,2025-01-17,2025-03-13,2025-02-06,Used
19,Wasteful,Vegetables,Tomato,4,2025-01-18,2025-01-25,2025-01-21,Used
19,Wasteful,Dairy,Cheese,1,2025-01-19,2025-01-26,,Wasted
19,Wasteful,Dairy,Milk,5,2025-01-20,2025-01-24,2025-01-24,Used
19,Wasteful,Meat,Chicken,3,2025-01-21,2025-01-24,,Wasted
19,Wasteful,Dairy,Cheese,1,2025-01-22,2025-02-04,2025-02-04,Used
19,Wasteful,Fruits,Apple,1,2025-01-23,2025-02-06,2025-02-06,Used
19,Wasteful,Fruits,Apple,4,2025-01-24,2025-02-05,,Wasted
19,Wasteful,Dairy,Milk,2,2025-01-25,2025-01-30,,Wasted
19,Wasteful,Fruits,Banana,2,2025-01-26,2025-01-31,,Wasted
19,Wasteful,Fruits,Banana,1,2025-01-27,2025-01-30,2025-01-27,Used
19,Wasteful,Meat,Chicken,1,2025-01-28,2025-01-31,2025-01-29,Used
19,Wasteful,Dairy,Cheese,4,2025-01-29,2025-02-12,2025-02-09,Used
19,Wasteful,Meat,Chicken,2,2025-01-30,2025-02-02,2025-01-31,Used
20,Wasteful,Vegetables,Tomato,1,2025-01-01,2025-01-04,,Wasted
20,Wasteful,Meat,Fish,4,2025-01-02,2025-01-03,,Wasted
20,Wasteful,Vegetables,Tomato,5,2025-01-03,2025-01-06,2025-01-04,Used
20,Wasteful,Dairy,Milk,1,2025-01-04,2025-01-07,,Wasted
20,Wasteful,Grains,Wheat,5,2025-01-05,2025-02-27,2025-01-08,Used
20,Wasteful,Grains,Rice,4,2025-01-06,2025-02-08,,Wasted
20,Wasteful,Vegetables,Tomato,4,2025-01-07,2025-01-12,2025-01-09,Used
20,Wasteful,Grains,Rice,3,2025-01-08,2025-03-06,2025-02-03,Used
20,Wasteful,Meat,Chicken,3,2025-01-09,2025-01-12,,Wasted
20,Wasteful,Dairy,Cheese,3,2025-01-10,2025-01-17,,Wasted
20,Wasteful,Vegetables,Potato,2,2025-01-11,2025-01-29,,Wasted
20,Wasteful,Meat,Chicken,2,2025-01-12,2025-01-15,2025-01-13,Used
20,Wasteful,Vegetables,Potato,1,2025-01-13,2025-02-02,2025-02-02,Used
20,Wasteful,Meat,Chicken,2,2025-01-14,2025-01-16,,Wasted
20,Wasteful,Vegetables,Tomato,4,2025-01-15,2025-01-21,,Wasted
20,Wasteful,Dairy,Cheese,3,2025-01-16,2025-01-29,,Wasted
20,Wasteful,Meat,Chicken,4,2025-01-17,2025-01-19,2025-01-17,Used
20,Wasteful,Grains,Rice,2,2025-01-18,2025-02-20,2025-02-02,Used
20,Wasteful,Fruits,Banana,1,2025-01-19,2025-01-24,2025-01-22,Used
20,Wasteful,Fruits,Banana,2,2025-01-20,2025-01-25,,Wasted
20,Wasteful,Meat,Fish,1,2025-01-21,2025-01-23,,Wasted
20,Wasteful,Fruits,Banana,2,2025-01-22,2025-01-24,2025-01-22,Used
20,Wasteful,Meat,Chicken,5,2025-01-23,2025-01-26,2025-01-24,Used
20,Wasteful,Vegetables,Tomato,1,2025-01-24,2025-01-29,,Wasted
20,Wasteful,Dairy,Milk,2,2025-01-25,2025-01-29,2025-01-27,Used
20,Wasteful,Grains,Rice,2,2025-01-26,2025-03-21,,Wasted
20,Wasteful,Grains,Rice,5,2025-01-27,2025-03-09,2025-02-07,Used
20,Wasteful,Fruits,Apple,5,2025-01-28,2025-02-08,,Wasted
20,Wasteful,Meat,Chicken,1,2025-01-29,2025-02-01,,Wasted
20,Wasteful,Vegetables,Potato,2,2025-01-30,2025-02-15,2025-02-14,Used
21,Wasteful,Vegetables,Tomato,1,2025-01-01,2025-01-07,2025-01-05,Used
21,Wasteful,Meat,Fish,2,2025-01-02,2025-01-03,,Wasted
21,Wasteful,Grains,Rice,3,2025-01-03,2025-02-09,2025-01-26,Used
21,Wasteful,Dairy,Cheese,4,2025-01-04,2025-01-17,2025-01-14,Used
21,Wasteful,Vegetables,Potato,4,2025-01-05,2025-01-20,,Wasted
21,Wasteful,Fruits,Apple,1,2025-01-06,2025-01-18,2025-01-14,Used
21,Wasteful,Vegetables,Potato,5,2025-01-07,2025-01-18,,Wasted
21,Wasteful,Meat,Chicken,4,2025-01-08,2025-01-11,,Wasted
21,Wasteful,Vegetables,Tomato,4,2025-01-09,2025-01-12,2025-01-10,Used
21,Wasteful,Meat,Fish,1,2025-01-10,2025-01-12,,Wasted
21,Wasteful,Meat,Fish,5,2025-01-11,2025-01-12,,Wasted
21,Wasteful,Grains,Rice,1,2025-01-12,2025-02-11,,Wasted
21,Wasteful,Dairy,Milk,1,2025-01-13,2025-01-16,,Wasted
21,Wasteful,Vegetables,Tomato,3,2025-01-14,2025-01-19,,Wasted
21,Wasteful,Meat,Chicken,4,2025-01-15,2025-01-17,,Wasted
21,Wasteful,Dairy,Milk,4,2025-01-16,2025-01-19,,Wasted
21,Wasteful,Meat,Chicken,4,2025-01-17,2025-01-19,,Wasted
21,Wasteful,Vegetables,Tomato,4,2025-01-18,2025-01-25,,Wasted
21,Wasteful,Fruits,Banana,1,2025-01-19,2025-01-21,2025-01-21,Used
21,Wasteful,Grains,Rice,2,2025-01-20,2025-03-10,,Wasted
21,Wasteful,Fruits,Banana,2,2025-01-21,2025-01-25,2025-01-25,Used
21,Wasteful,Dairy,Cheese,2,2025-01-22,2025-02-05,2025-02-05,Used
21,Wasteful,Grains,Rice,4,2025-01-23,2025-03-01,,Wasted
21,Wasteful,Meat,Chicken,3,2025-01-24,2025-01-26,,Wasted
21,Wasteful,Dairy,Milk,2,2025-01-25,2025-01-28,,Wasted
21,Wasteful,Grains,Rice,5,2025-01-26,2025-03-22,,Wasted
21,Wasteful,Dairy,Cheese,5,2025-01-27,2025-02-03,,Wasted
21,Wasteful,Dairy,Milk,3,2025-01-28,2025-02-01,,Wasted
21,Wasteful,Vegetables,Tomato,2,2025-01-29,2025-02-03,,Wasted
21,Wasteful,Dairy,Cheese,2,2025-01-30,2025-02-13,2025-02-04,Used
22,Wasteful,Dairy,Milk,1,2025-01-01,2025-01-05,,Wasted
22,Wasteful,Vegetables,Potato,3,2025-01-02,2025-01-13,,Wasted
22,Wasteful,Fruits,Banana,2,2025-01-03,2025-01-08,,Wasted
22,Wasteful,Grains,Wheat,3,2025-01-04,2025-02-03,2025-01-10,Used
22,Wasteful,Grains,Wheat,4,2025-01-05,2025-03-12,2025-02-18,Used
22,Wasteful,Meat,Chicken,3,2025-01-06,2025-01-08,,Wasted
22,Wasteful,Vegetables,Potato,1,2025-01-07,2025-01-18,2025-01-10,Used
22,Wasteful,Dairy,Milk,3,2025-01-08,2025-01-12,,Wasted
22,Wasteful,Dairy,Milk,2,2025-01-09,2025-01-12,2025-01-10,Used
22,Wasteful,Meat,Chicken,3,2025-01-10,2025-01-12,,Wasted
22,Wasteful,Fruits,Apple,2,2025-01-11,2025-01-21,2025-01-14,Used
22,Wasteful,Fruits,Banana,5,2025-01-12,2025-01-15,,Wasted
22,Wasteful,Meat,Fish,3,2025-01-13,2025-01-15,2025-01-13,Used
22,Wasteful,Grains,Rice,2,2025-01-14,2025-02-19,2025-01-27,Used
22,Wasteful,Meat,Chicken,2,2025-01-15,2025-01-17,2025-01-15,Used
22,Wasteful,Fruits,Banana,4,2025-01-16,2025-01-21,2025-01-21,Used
22,Wasteful,Grains,Wheat,1,2025-01-17,2025-03-21,,Wasted
22,Wasteful,Dairy,Cheese,5,2025-01-18,2025-01-25,,Wasted
22,Wasteful,Grains,Wheat,2,2025-01-19,2025-04-15,2025-03-09,Used
22,Wasteful,Vegetables,Potato,5,2025-01-20,2025-02-04,,Wasted
22,Wasteful,Fruits,Banana,5,2025-01-21,2025-01-24,,Wasted
22,Wasteful,Dairy,Cheese,3,2025-01-22,2025-02-03,,Wasted
22,Wasteful,Grains,Wheat,3,2025-01-23,2025-02-24,,Wasted
22,Wasteful,Fruits,Banana,5,2025-01-24,2025-01-26,2025-01-25,Used
22,Wasteful,Meat,Chicken,4,2025-01-25,2025-01-27,,Wasted
22,Wasteful,Vegetables,Potato,3,2025-01-26,2025-02-13,,Wasted
22,Wasteful,Fruits,Apple,2,2025-01-27,2025-02-05,2025-01-30,Used
22,Wasteful,Meat,Fish,4,2025-01-28,2025-01-30,2025-01-29,Used
22,Wasteful,Grains,Rice,4,2025-01-29,2025-03-27,2025-02-25,Used
22,Wasteful,Fruits,Apple,4,2025-01-30,2025-02-12,2025-02-08,Used
23,Careful,Fruits,Apple,3,2025-01-01,2025-01-10,,Wasted
23,Careful,Fruits,Banana,3,2025-01-02,2025-01-04,2025-01-04,Used
23,Careful,Vegetables,Potato,2,2025-01-03,2025-01-16,2025-01-07,Used
23,Careful,Meat,Chicken,5,2025-01-04,2025-01-07,2025-01-05,Used
23,Careful,Fruits,Apple,5,2025-01-05,2025-01-17,2025-01-15,Used
23,Careful,Meat,Chicken,1,2025-01-06,2025-01-08,2025-01-08,Used
23,Careful,Dairy,Milk,4,2025-01-07,2025-01-12,2025-01-12,Used
23,Careful,Grains,Wheat,3,2025-01-08,2025-02-13,2025-01-29,Used
23,Careful,Meat,Fish,4,2025-01-09,2025-01-11,2025-01-11,Used
23,Careful,Grains,Rice,4,2025-01-10,2025-03-07,2025-03-05,Used
23,Careful,Vegetables,Tomato,1,2025-01-11,2025-01-18,2025-01-11,Used
23,Careful,Vegetables,Potato,5,2025-01-12,2025-01-25,2025-01-19,Used
23,Careful,Fruits,Apple,3,2025-01-13,2025-01-27,2025-01-14,Used
23,Careful,Meat,Chicken,5,2025-01-14,2025-01-16,2025-01-15,Used
23,Careful,Fruits,Apple,3,2025-01-15,2025-01-24,2025-01-18,Used
23,Careful,Grains,Wheat,4,2025-01-16,2025-02-21,2025-01-23,Used
23,Careful,Vegetables,Potato,2,2025-01-17,2025-01-31,2025-01-21,Used
23,Careful,Dairy,Milk,5,2025-01-18,2025-01-23,2025-01-22,Used
23,Careful,Fruits,Apple,3,2025-01-19,2025-02-01,2025-01-30,Used
23,Careful,Vegetables,Tomato,3,2025-01-20,2025-01-27,2025-01-20,Used
23,Careful,Grains,Rice,3,2025-01-21,2025-02-28,2025-02-12,Used
23,Careful,Vegetables,Potato,4,2025-01-22,2025-02-01,2025-01-31,Used
23,Careful,Grains,Wheat,5,2025-01-23,2025-02-24,2025-02-04,Used
23,Careful,Meat,Fish,4,2025-01-24,2025-01-25,2025-01-24,Used
23,Careful,Fruits,Apple,3,2025-01-25,2025-02-07,2025-01-26,Used
23,Careful,Meat,Fish,4,2025-01-26,2025-01-28,2025-01-26,Used
23,Careful,Vegetables,Tomato,3,2025-01-27,2025-02-02,2025-01-31,Used
23,Careful,Meat,Fish,1,2025-01-28,2025-01-29,2025-01-28,Used
23,Careful,Meat,Fish,1,2025-01-29,2025-01-30,2025-01-30,Used
23,Careful,Grains,Rice,4,2025-01-30,2025-03-05,2025-02-10,Used
24,Wasteful,Vegetables,Potato,4,2025-01-01,2025-01-16,,Wasted
24,Wasteful,Dairy,Cheese,4,2025-01-02,2025-01-11,,Wasted
24,Wasteful,Dairy,Cheese,2,2025-01-03,2025-01-16,,Wasted
24,Wasteful,Fruits,Banana,2,2025-01-04,2025-01-09,2025-01-05,Used
24,Wasteful,Grains,Rice,4,2025-01-05,2025-02-28,2025-02-27,Used
24,Wasteful,Meat,Chicken,3,2025-01-06,2025-01-09,,Wasted
24,Wasteful,Vegetables,Tomato,3,2025-01-07,2025-01-12,2025-01-11,Used
24,Wasteful,Fruits,Banana,4,2025-01-08,2025-01-10,2025-01-10,Used
24,Wasteful,Fruits,Apple,3,2025-01-09,2025-01-23,2025-01-23,Used
24,Wasteful,Grains,Wheat,3,2025-01-10,2025-03-14,,Wasted
24,Wasteful,Fruits,Apple,2,2025-01-11,2025-01-19,,Wasted
24,Wasteful,Vegetables,Tomato,2,2025-01-12,2025-01-19,2025-01-16,Used
24,Wasteful,Dairy,Milk,4,2025-01-13,2025-01-18,2025-01-18,Used
24,Wasteful,Dairy,Milk,2,2025-01-14,2025-01-19,,Wasted
24,Wasteful,Fruits,Banana,4,2025-01-15,2025-01-17,,Wasted
24,Wasteful,Dairy,Cheese,4,2025-01-16,2025-01-23,2025-01-22,Used
24,Wasteful,Meat,Chicken,3,2025-01-17,2025-01-19,2025-01-18,Used
24,Wasteful,Vegetables,Potato,4,2025-01-18,2025-02-02,2025-01-22,Used
24,Wasteful,Grains,Rice,3,2025-01-19,2025-03-11,,Wasted
24,Wasteful,Dairy,Milk,4,2025-01-20,2025-01-25,2025-01-25,Used
24,Wasteful,Grains,Rice,3,2025-01-21,2025-03-05,2025-02-15,Used
24,Wasteful,Fruits,Apple,3,2025-01-22,2025-01-30,2025-01-27,Used
24,Wasteful,Fruits,Banana,4,2025-01-23,2025-01-26,,Wasted
24,Wasteful,Meat,Fish,5,2025-01-24,2025-01-26,,Wasted
24,Wasteful,Vegetables,Tomato,4,2025-01-25,2025-01-30,,Wasted
24,Wasteful,Vegetables,Potato,5,2025-01-26,2025-02-06,2025-01-31,Used
24,Wasteful,Meat,Chicken,1,2025-01-27,2025-01-29,2025-01-28,Used
24,Wasteful,Dairy,Milk,5,2025-01-28,2025-01-31,,Wasted
24,Wasteful,Grains,Rice,3,2025-01-29,2025-03-23,,Wasted
24,Wasteful,Fruits,Banana,3,2025-01-30,2025-02-02,2025-01-31,Used
25,Wasteful,Fruits,Banana,2,2025-01-01,2025-01-05,,Wasted
25,Wasteful,Dairy,Milk,4,2025-01-02,2025-01-05,2025-01-05,Used
25,Wasteful,Meat,Fish,5,2025-01-03,2025-01-04,2025-01-04,Used
25,Wasteful,Grains,Rice,2,2025-01-04,2025-02-04,2025-01-06,Used
25,Wasteful,Meat,Fish,2,2025-01-05,2025-01-06,,Wasted
25,Wasteful,Meat,Chicken,1,2025-01-06,2025-01-08,2025-01-07,Used
25,Wasteful,Dairy,Cheese,1,2025-01-07,2025-01-14,2025-01-14,Used
25,Wasteful,Dairy,Cheese,3,2025-01-08,2025-01-17,2025-01-17,Used
25,Wasteful,Grains,Rice,3,2025-01-09,2025-03-08,2025-01-24,Used
25,Wasteful,Vegetables,Potato,4,2025-01-10,2025-01-26,2025-01-12,Used
25,Wasteful,Vegetables,Tomato,5,2025-01-11,2025-01-18,2025-01-15,Used
25,Wasteful,Vegetables,Potato,1,2025-01-12,2025-01-31,2025-01-27,Used
25,Wasteful,Vegetables,Potato,1,2025-01-13,2025-01-27,,Wasted
25,Wasteful,Meat,Fish,3,2025-01-14,2025-01-16,2025-01-16,Used
25,Wasteful,Grains,Rice,5,2025-01-15,2025-03-11,,Wasted
25,Wasteful,Grains,Wheat,2,2025-01-16,2025-03-22,2025-01-16,Used
25,Wasteful,Grains,Rice,4,2025-01-17,2025-03-03,2025-02-07,Used
25,Wasteful,Fruits,Banana,5,2025-01-18,2025-01-23,2025-01-18,Used
25,Wasteful,Grains,Wheat,2,2025-01-19,2025-03-17,2025-02-25,Used
25,Wasteful,Vegetables,Potato,2,2025-01-20,2025-02-09,,Wasted
25,Wasteful,Meat,Chicken,4,2025-01-21,2025-01-24,2025-01-22,Used
25,Wasteful,Grains,Rice,1,2025-01-22,2025-03-23,,Wasted
25,Wasteful,Dairy,Cheese,3,2025-01-23,2025-02-05,2025-02-02,Used
25,Wasteful,Grains,Rice,2,2025-01-24,2025-02-23,2025-02-10,Used
25,Wasteful,Fruits,Apple,1,2025-01-25,2025-02-06,2025-01-26,Used
25,Wasteful,Grains,Wheat,4,2025-01-26,2025-04-24,,Wasted
25,Wasteful,Grains,Wheat,5,2025-01-27,2025-03-21,,Wasted
25,Wasteful,Dairy,Cheese,5,2025-01-28,2025-02-05,,Wasted
25,Wasteful,Meat,Chicken,1,2025-01-29,2025-01-31,2025-01-30,Used
25,Wasteful,Vegetables,Tomato,5,2025-01-30,2025-02-02,,Wasted
26,Wasteful,Grains,Wheat,3,2025-01-01,2025-02-09,,Wasted
26,Wasteful,Grains,Rice,3,2025-01-02,2025-02-08,2025-01-20,Used
26,Wasteful,Vegetables,Potato,1,2025-01-03,2025-01-22,2025-01-11,Used
26,Wasteful,Meat,Fish,4,2025-01-04,2025-01-05,,Wasted
26,Wasteful,Vegetables,Potato,1,2025-01-05,2025-01-22,2025-01-06,Used
26,Wasteful,Vegetables,Potato,3,2025-01-06,2025-01-26,,Wasted
26,Wasteful,Dairy,Cheese,3,2025-01-07,2025-01-18,2025-01-15,Used
26,Wasteful,Dairy,Cheese,2,2025-01-08,2025-01-22,,Wasted
26,Wasteful,Fruits,Banana,2,2025-01-09,2025-01-11,2025-01-09,Used
26,Wasteful,Grains,Wheat,5,2025-01-10,2025-04-07,2025-03-13,Used
26,Wasteful,Fruits,Banana,3,2025-01-11,2025-01-15,,Wasted
26,Wasteful,Dairy,Cheese,1,2025-01-12,2025-01-24,2025-01-22,Used
26,Wasteful,Fruits,Apple,1,2025-01-13,2025-01-24,,Wasted
26,Wasteful,Fruits,Apple,3,2025-01-14,2025-01-28,,Wasted
26,Wasteful,Meat,Fish,4,2025-01-15,2025-01-17,2025-01-17,Used
26,Wasteful,Dairy,Milk,2,2025-01-16,2025-01-20,,Wasted
26,Wasteful,Fruits,Apple,2,2025-01-17,2025-01-25,2025-01-18,Used
26,Wasteful,Fruits,Apple,3,2025-01-18,2025-02-01,,Wasted
26,Wasteful,Dairy,Cheese,5,2025-01-19,2025-01-27,2025-01-20,Used
26,Wasteful,Grains,Wheat,4,2025-01-20,2025-04-10,,Wasted
26,Wasteful,Grains,Wheat,3,2025-01-21,2025-03-19,2025-01-22,Used
26,Wasteful,Dairy,Cheese,1,2025-01-22,2025-02-04,2025-02-04,Used
26,Wasteful,Meat,Fish,1,2025-01-23,2025-01-24,2025-01-23,Used
26,Wasteful,Vegetables,Potato,2,2025-01-24,2025-02-08,,Wasted
26,Wasteful,Fruits,Apple,3,2025-01-25,2025-02-06,,Wasted
26,Wasteful,Fruits,Apple,4,2025-01-26,2025-02-02,,Wasted
26,Wasteful,Grains,Rice,4,2025-01-27,2025-03-02,2025-02-05,Used
26,Wasteful,Meat,Fish,1,2025-01-28,2025-01-29,,Wasted
26,Wasteful,Dairy,Milk,5,2025-01-29,2025-02-02,2025-02-01,Used
26,Wasteful,Fruits,Apple,4,2025-01-30,2025-02-10,2025-01-31,Used
27,Wasteful,Fruits,Banana,4,2025-01-01,2025-01-06,2025-01-01,Used
27,Wasteful,Meat,Chicken,5,2025-01-02,2025-01-05,2025-01-02,Used
27,Wasteful,Grains,Rice,3,2025-01-03,2025-02-17,,Wasted
27,Wasteful,Vegetables,Potato,1,2025-01-04,2025-01-15,,Wasted
27,Wasteful,Vegetables,Potato,4,2025-01-05,2025-01-18,,Wasted
27,Wasteful,Fruits,Banana,4,2025-01-06,2025-01-08,2025-01-08,Used
27,Wasteful,Dairy,Cheese,4,2025-01-07,2025-01-15,,Wasted
27,Wasteful,Vegetables,Tomato,5,2025-01-08,2025-01-12,,Wasted
27,Wasteful,Dairy,Milk,3,2025-01-09,2025-01-13,,Wasted
27,Wasteful,Vegetables,Potato,4,2025-01-10,2025-01-23,2025-01-13,Used
27,Wasteful,Fruits,Apple,4,2025-01-11,2025-01-25,,Wasted
27,Wasteful,Grains,Wheat,1,2025-01-12,2025-03-01,2025-01-22,Used
27,Wasteful,Dairy,Milk,5,2025-01-13,2025-01-16,2025-01-16,Used
27,Wasteful,Meat,Fish,3,2025-01-14,2025-01-16,2025-01-14,Used
27,Wasteful,Vegetables,Tomato,1,2025-01-15,2025-01-19,,Wasted
27,Wasteful,Meat,Chicken,4,2025-01-16,2025-01-19,2025-01-16,Used
27,Wasteful,Fruits,Apple,4,2025-01-17,2025-01-28,2025-01-26,Used
27,Wasteful,Vegetables,Potato,4,2025-01-18,2025-02-06,2025-01-24,Used
27,Wasteful,Dairy,Milk,1,2025-01-19,2025-01-23,,Wasted
27,Wasteful,Dairy,Cheese,2,2025-01-20,2025-01-31,2025-01-27,Used
27,Wasteful,Grains,Rice,3,2025-01-21,2025-03-11,,Wasted
27,Wasteful,Vegetables,Potato,4,2025-01-22,2025-02-11,,Wasted
27,Wasteful,Meat,Fish,2,2025-01-23,2025-01-24,2025-01-23,Used
27,Wasteful,Fruits,Apple,2,2025-01-24,2025-02-02,,Wasted
27,Wasteful,Dairy,Cheese,4,2025-01-25,2025-02-02,,Wasted
27,Wasteful,Vegetables,Potato,4,2025-01-26,2025-02-14,2025-02-10,Used
27,Wasteful,Grains,Rice,4,2025-01-27,2025-02-26,2025-02-14,Used
27,Wasteful,Grains,Wheat,5,2025-01-28,2025-03-20,,Wasted
27,Wasteful,Vegetables,Potato,2,2025-01-29,2025-02-11,,Wasted
27,Wasteful,Fruits,Apple,2,2025-01-30,2025-02-11,,Wasted
28,Wasteful,Dairy,Cheese,2,2025-01-01,2025-01-14,,Wasted
28,Wasteful,Grains,Rice,1,2025-01-02,2025-02-04,,Wasted
28,Wasteful,Dairy,Cheese,2,2025-01-03,2025-01-11,2025-01-08,Used
28,Wasteful,Dairy,Milk,2,2025-01-04,2025-01-08,,Wasted
28,Wasteful,Dairy,Cheese,1,2025-01-05,2025-01-18,,Wasted
28,Wasteful,Dairy,Milk,5,2025-01-06,2025-01-10,2025-01-10,Used
28,Wasteful,Meat,Chicken,1,2025-01-07,2025-01-10,2025-01-07,Used
28,Wasteful,Vegetables,Tomato,3,2025-01-08,2025-01-15,,Wasted
28,Wasteful,Dairy,Cheese,1,2025-01-09,2025-01-17,2025-01-13,Used
28,Wasteful,Dairy,Milk,2,2025-01-10,2025-01-15,,Wasted
28,Wasteful,Grains,Rice,5,2025-01-11,2025-02-19,,Wasted
28,Wasteful,Dairy,Milk,3,2025-01-12,2025-01-15,2025-01-15,Used
28,Wasteful,Grains,Wheat,5,2025-01-13,2025-04-06,2025-02-24,Used
28,Wasteful,Fruits,Banana,1,2025-01-14,2025-01-18,,Wasted
28,Wasteful,Meat,Fish,4,2025-01-15,2025-01-17,,Wasted
28,Wasteful,Meat,Chicken,5,2025-01-16,2025-01-19,2025-01-16,Used
28,Wasteful,Grains,Rice,5,2025-01-17,2025-03-05,,Wasted
28,Wasteful,Vegetables,Tomato,1,2025-01-18,2025-01-22,2025-01-22,Used
28,Wasteful,Vegetables,Potato,2,2025-01-19,2025-01-30,2025-01-22,Used
28,Wasteful,Vegetables,Tomato,3,2025-01-20,2025-01-26,,Wasted
28,Wasteful,Fruits,Apple,3,2025-01-21,2025-01-30,2025-01-21,Used
28,Wasteful,Vegetables,Tomato,2,2025-01-22,2025-01-26,,Wasted
28,Wasteful,Fruits,Banana,1,2025-01-23,2025-01-27,2025-01-26,Used
28,Wasteful,Fruits,Apple,4,2025-01-24,2025-02-07,,Wasted
28,Wasteful,Dairy,Cheese,5,2025-01-25,2025-02-07,2025-02-03,Used
28,Wasteful,Vegetables,Potato,4,2025-01-26,2025-02-06,2025-01-28,Used
28,Wasteful,Vegetables,Tomato,1,2025-01-27,2025-02-02,,Wasted
28,Wasteful,Vegetables,Potato,2,2025-01-28,2025-02-07,,Wasted
28,Wasteful,Grains,Rice,2,2025-01-29,2025-03-15,,Wasted
28,Wasteful,Vegetables,Potato,1,2025-01-30,2025-02-13,,Wasted
29,Average,Vegetables,Tomato,2,2025-01-01,2025-01-07,2025-01-02,Used
29,Average,Fruits,Apple,5,2025-01-02,2025-01-13,2025-01-02,Used
29,Average,Vegetables,Potato,1,2025-01-03,2025-01-13,,Wasted
29,Average,Fruits,Apple,3,2025-01-04,2025-01-14,2025-01-12,Used
29,Average,Vegetables,Tomato,1,2025-01-05,2025-01-09,2025-01-07,Used
29,Average,Vegetables,Potato,5,2025-01-06,2025-01-18,2025-01-11,Used
29,Average,Dairy,Cheese,2,2025-01-07,2025-01-20,2025-01-13,Used
29,Average,Grains,Rice,4,2025-01-08,2025-03-01,2025-02-12,Used
29,Average,Grains,Rice,3,2025-01-09,2025-02-15,,Wasted
29,Average,Vegetables,Tomato,3,2025-01-10,2025-01-14,,Wasted
29,Average,Fruits,Banana,1,2025-01-11,2025-01-14,2025-01-11,Used
29,Average,Meat,Fish,5,2025-01-12,2025-01-13,,Wasted
29,Average,Dairy,Cheese,2,2025-01-13,2025-01-27,2025-01-17,Used
29,Average,Fruits,Banana,1,2025-01-14,2025-01-18,2025-01-17,Used
29,Average,Dairy,Cheese,4,2025-01-15,2025-01-28,2025-01-19,Used
29,Average,Grains,Wheat,5,2025-01-16,2025-03-29,2025-02-10,Used
29,Average,Fruits,Apple,3,2025-01-17,2025-01-25,2025-01-20,Used
29,Average,Fruits,Apple,4,2025-01-18,2025-01-25,2025-01-22,Used
29,Average,Fruits,Banana,2,2025-01-19,2025-01-22,2025-01-19,Used
29,Average,Meat,Chicken,2,2025-01-20,2025-01-23,2025-01-20,Used
29,Average,Fruits,Apple,3,2025-01-21,2025-02-02,,Wasted
29,Average,Fruits,Apple,4,2025-01-22,2025-02-03,2025-01-23,Used
29,Average,Grains,Rice,5,2025-01-23,2025-03-09,2025-01-30,Used
29,Average,Dairy,Milk,3,2025-01-24,2025-01-28,2025-01-24,Used
29,Average,Fruits,Banana,3,2025-01-25,2025-01-29,2025-01-26,Used
29,Average,Grains,Rice,3,2025-01-26,2025-03-10,2025-02-26,Used
29,Average,Grains,Wheat,2,2025-01-27,2025-03-20,2025-02-27,Used
29,Average,Meat,Chicken,3,2025-01-28,2025-01-30,,Wasted
29,Average,Fruits,Apple,5,2025-01-29,2025-02-10,,Wasted
29,Average,Dairy,Cheese,2,2025-01-30,2025-02-13,2025-02-13,Used
30,Wasteful,Dairy,Cheese,1,2025-01-01,2025-01-14,,Wasted
30,Wasteful,Grains,Rice,3,2025-01-02,2025-02-07,,Wasted
30,Wasteful,Dairy,Milk,5,2025-01-03,2025-01-07,2025-01-03,Used
30,Wasteful,Grains,Rice,4,2025-01-04,2025-02-23,,Wasted
30,Wasteful,Meat,Fish,1,2025-01-05,2025-01-07,,Wasted
30,Wasteful,Fruits,Banana,4,2025-01-06,2025-01-08,,Wasted
30,Wasteful,Grains,Rice,1,2025-01-07,2025-03-03,,Wasted
30,Wasteful,Vegetables,Tomato,4,2025-01-08,2025-01-13,2025-01-09,Used
30,Wasteful,Grains,Rice,2,2025-01-09,2025-02-27,2025-02-23,Used
30,Wasteful,Dairy,Cheese,2,2025-01-10,2025-01-24,,Wasted
30,Wasteful,Grains,Rice,3,2025-01-11,2025-02-15,2025-01-23,Used
30,Wasteful,Meat,Fish,1,2025-01-12,2025-01-14,2025-01-12,Used
30,Wasteful,Meat,Chicken,2,2025-01-13,2025-01-15,2025-01-14,Used
30,Wasteful,Dairy,Milk,2,2025-01-14,2025-01-19,2025-01-14,Used
30,Wasteful,Fruits,Apple,5,2025-01-15,2025-01-28,2025-01-21,Used
30,Wasteful,Vegetables,Potato,1,2025-01-16,2025-01-28,2025-01-21,Used
30,Wasteful,Dairy,Milk,5,2025-01-17,2025-01-21,,Wasted
30,Wasteful,Grains,Wheat,5,2025-01-18,2025-02-17,2025-02-13,Used
30,Wasteful,Vegetables,Potato,2,2025-01-19,2025-02-04,2025-01-19,Used
30,Wasteful,Grains,Rice,5,2025-01-20,2025-03-09,2025-01-21,Used
30,Wasteful,Dairy,Milk,1,2025-01-21,2025-01-25,,Wasted
30,Wasteful,Fruits,Banana,4,2025-01-22,2025-01-26,,Wasted
30,Wasteful,Vegetables,Potato,1,2025-01-23,2025-02-09,,Wasted
30,Wasteful,Dairy,Milk,2,2025-01-24,2025-01-27,2025-01-25,Used
30,Wasteful,Fruits,Banana,1,2025-01-25,2025-01-29,,Wasted
30,Wasteful,Vegetables,Potato,3,2025-01-26,2025-02-15,2025-01-30,Used
30,Wasteful,Meat,Chicken,3,2025-01-27,2025-01-30,2025-01-27,Used
30,Wasteful,Fruits,Banana,5,2025-01-28,2025-02-02,2025-02-01,Used
30,Wasteful,Dairy,Milk,2,2025-01-29,2025-02-03,,Wasted
30,Wasteful,Vegetables,Tomato,1,2025-01-30,2025-02-04,,Wasted
31,Average,Meat,Fish,1,2025-01-01,2025-01-03,,Wasted
31,Average,Grains,Rice,1,2025-01-02,2025-02-05,2025-01-19,Used
31,Average,Fruits,Banana,1,2025-01-03,2025-01-05,2025-01-05,Used
31,Average,Dairy,Milk,2,2025-01-04,2025-01-08,2025-01-05,Used
31,Average,Vegetables,Potato,3,2025-01-05,2025-01-19,2025-01-14,Used
31,Average,Meat,Chicken,1,2025-01-06,2025-01-08,2025-01-08,Used
31,Average,Dairy,Cheese,2,2025-01-07,2025-01-14,2025-01-09,Used
31,Average,Vegetables,Tomato,1,2025-01-08,2025-01-11,,Wasted
31,Average,Dairy,Cheese,3,2025-01-09,2025-01-21,2025-01-19,Used
31,Average,Grains,Wheat,1,2025-01-10,2025-03-10,,Wasted
31,Average,Vegetables,Tomato,2,2025-01-11,2025-01-18,2025-01-14,Used
31,Average,Dairy,Milk,5,2025-01-12,2025-01-16,2025-01-16,Used
31,Average,Dairy,Milk,3,2025-01-13,2025-01-16,2025-01-15,Used
31,Average,Meat,Chicken,4,2025-01-14,2025-01-17,,Wasted
31,Average,Fruits,Banana,4,2025-01-15,2025-01-20,2025-01-16,Used
31,Average,Grains,Wheat,5,2025-01-16,2025-03-13,,Wasted
31,Average,Dairy,Milk,1,2025-01-17,2025-01-22,2025-01-22,Used
31,Average,Vegetables,Tomato,3,2025-01-18,2025-01-21,2025-01-21,Used
31,Average,Dairy,Cheese,2,2025-01-19,2025-02-02,,Wasted
31,Average,Fruits,Apple,5,2025-01-20,2025-01-28,2025-01-27,Used
31,Average,Vegetables,Tomato,2,2025-01-21,2025-01-28,,Wasted
31,Average,Meat,Fish,1,2025-01-22,2025-01-23,2025-01-22,Used
31,Average,Meat,Chicken,3,2025-01-23,2025-01-25,2025-01-23,Used
31,Average,Dairy,Milk,1,2025-01-24,2025-01-29,,Wasted
31,Average,Vegetables,Tomato,1,2025-01-25,2025-01-29,2025-01-25,Used
31,Average,Dairy,Milk,4,2025-01-26,2025-01-30,2025-01-29,Used
31,Average,Grains,Rice,4,2025-01-27,2025-03-24,2025-02-18,Used
31,Average,Vegetables,Potato,5,2025-01-28,2025-02-15,,Wasted
31,Average,Dairy,Milk,3,2025-01-29,2025-02-02,2025-02-02,Used
31,Average,Dairy,Milk,3,2025-01-30,2025-02-02,,Wasted
32,Wasteful,Fruits,Apple,3,2025-01-01,2025-01-12,,Wasted
32,Wasteful,Dairy,Milk,2,2025-01-02,2025-01-05,,Wasted
32,Wasteful,Dairy,Cheese,5,2025-01-03,2025-01-17,,Wasted
32,Wasteful,Vegetables,Tomato,3,2025-01-04,2025-01-07,,Wasted
32,Wasteful,Dairy,Cheese,1,2025-01-05,2025-01-18,,Wasted
32,Wasteful,Dairy,Cheese,5,2025-01-06,2025-01-20,2025-01-06,Used
32,Wasteful,Fruits,Banana,5,2025-01-07,2025-01-11,2025-01-07,Used
32,Wasteful,Grains,Wheat,5,2025-01-08,2025-02-13,,Wasted
32,Wasteful,Vegetables,Tomato,1,2025-01-09,2025-01-13,2025-01-09,Used
32,Wasteful,Vegetables,Tomato,4,2025-01-10,2025-01-16,2025-01-12,Used
32,Wasteful,Fruits,Apple,2,2025-01-11,2025-01-18,,Wasted
32,Wasteful,Fruits,Apple,4,2025-01-12,2025-01-19,,Wasted
32,Wasteful,Vegetables,Tomato,5,2025-01-13,2025-01-18,,Wasted
32,Wasteful,Dairy,Cheese,1,2025-01-14,2025-01-25,,Wasted
32,Wasteful,Fruits,Apple,2,2025-01-15,2025-01-25,2025-01-15,Used
32,Wasteful,Vegetables,Tomato,4,2025-01-16,2025-01-19,,Wasted
32,Wasteful,Dairy,Milk,3,2025-01-17,2025-01-21,2025-01-19,Used
32,Wasteful,Vegetables,Potato,3,2025-01-18,2025-02-03,2025-01-21,Used
32,Wasteful,Dairy,Cheese,4,2025-01-19,2025-02-01,2025-01-21,Used
32,Wasteful,Vegetables,Potato,2,2025-01-20,2025-02-05,,Wasted
32,Wasteful,Meat,Fish,5,2025-01-21,2025-01-22,2025-01-21,Used
32,Wasteful,Fruits,Banana,3,2025-01-22,2025-01-27,2025-01-26,Used
32,Wasteful,Meat,Fish,4,2025-01-23,2025-01-25,,Wasted
32,Wasteful,Fruits,Apple,4,2025-01-24,2025-02-02,,Wasted
32,Wasteful,Meat,Chicken,5,2025-01-25,2025-01-28,,Wasted
32,Wasteful,Fruits,Apple,3,2025-01-26,2025-02-09,2025-02-01,Used
32,Wasteful,Vegetables,Potato,3,2025-01-27,2025-02-14,,Wasted
32,Wasteful,Fruits,Banana,3,2025-01-28,2025-02-01,,Wasted
32,Wasteful,Vegetables,Potato,3,2025-01-29,2025-02-08,2025-01-31,Used
32,Wasteful,Dairy,Milk,1,2025-01-30,2025-02-03,,Wasted
33,Average,Fruits,Apple,2,2025-01-01,2025-01-13,2025-01-08,Used
33,Average,Dairy,Cheese,5,2025-01-02,2025-01-14,,Wasted
33,Average,Meat,Chicken,1,2025-01-03,2025-01-06,,Wasted
33,Average,Dairy,Milk,4,2025-01-04,2025-01-07,,Wasted
33,Average,Grains,Wheat,2,2025-01-05,2025-03-20,2025-01-10,Used
33,Average,Vegetables,Tomato,4,2025-01-06,2025-01-12,2025-01-12,Used
33,Average,Vegetables,Potato,5,2025-01-07,2025-01-23,2025-01-13,Used
33,Average,Meat,Fish,4,2025-01-08,2025-01-10,2025-01-09,Used
33,Average,Meat,Fish,5,2025-01-09,2025-01-10,,Wasted
33,Average,Dairy,Cheese,2,2025-01-10,2025-01-21,2025-01-16,Used
33,Average,Grains,Rice,5,2025-01-11,2025-03-04,2025-01-17,Used
33,Average,Meat,Fish,4,2025-01-12,2025-01-13,2025-01-13,Used
33,Average,Fruits,Apple,5,2025-01-13,2025-01-24,2025-01-20,Used
33,Average,Dairy,Milk,3,2025-01-14,2025-01-18,2025-01-17,Used
33,Average,Meat,Fish,5,2025-01-15,2025-01-16,2025-01-15,Used
33,Average,Grains,Wheat,2,2025-01-16,2025-02-16,,Wasted
33,Average,Vegetables,Potato,3,2025-01-17,2025-02-06,,Wasted
33,Average,Fruits,Apple,4,2025-01-18,2025-01-26,,Wasted
33,Average,Grains,Rice,3,2025-01-19,2025-03-17,2025-03-16,Used
33,Average,Meat,Chicken,1,2025-01-20,2025-01-23,2025-01-20,Used
33,Average,Vegetables,Potato,1,2025-01-21,2025-02-02,2025-01-27,Used
33,Average,Vegetables,Potato,4,2025-01-22,2025-02-09,2025-01-22,Used
33,Average,Grains,Wheat,4,2025-01-23,2025-03-02,2025-01-27,Used
33,Average,Fruits,Banana,2,2025-01-24,2025-01-26,2025-01-26,Used
33,Average,Grains,Wheat,1,2025-01-25,2025-04-19,2025-02-05,Used
33,Average,Vegetables,Potato,1,2025-01-26,2025-02-08,2025-02-01,Used
33,Average,Meat,Chicken,4,2025-01-27,2025-01-29,2025-01-29,Used
33,Average,Fruits,Banana,5,2025-01-28,2025-02-01,,Wasted
33,Average,Meat,Chicken,2,2025-01-29,2025-01-31,,Wasted
33,Average,Dairy,Milk,4,2025-01-30,2025-02-02,2025-01-30,Used
34,Wasteful,Meat,Fish,5,2025-01-01,2025-01-02,2025-01-01,Used
34,Wasteful,Vegetables,Potato,4,2025-01-02,2025-01-12,2025-01-03,Used
34,Wasteful,Dairy,Milk,5,2025-01-03,2025-01-07,,Wasted
34,Wasteful,Dairy,Milk,2,2025-01-04,2025-01-07,2025-01-06,Used
34,Wasteful,Fruits,Banana,1,2025-01-05,2025-01-08,,Wasted
34,Wasteful,Meat,Fish,4,2025-01-06,2025-01-07,2025-01-06,Used
34,Wasteful,Dairy,Cheese,2,2025-01-07,2025-01-18,2025-01-17,Used
34,Wasteful,Fruits,Apple,2,2025-01-08,2025-01-22,2025-01-10,Used
34,Wasteful,Fruits,Apple,1,2025-01-09,2025-01-20,2025-01-17,Used
34,Wasteful,Dairy,Cheese,5,2025-01-10,2025-01-22,,Wasted
34,Wasteful,Vegetables,Tomato,4,2025-01-11,2025-01-14,,Wasted
34,Wasteful,Vegetables,Tomato,4,2025-01-12,2025-01-15,2025-01-12,Used
34,Wasteful,Grains,Wheat,2,2025-01-13,2025-03-16,,Wasted
34,Wasteful,Meat,Fish,2,2025-01-14,2025-01-15,2025-01-14,Used
34,Wasteful,Vegetables,Tomato,3,2025-01-15,2025-01-22,,Wasted
34,Wasteful,Fruits,Apple,4,2025-01-16,2025-01-29,2025-01-24,Used
34,Wasteful,Fruits,Banana,1,2025-01-17,2025-01-22,,Wasted
34,Wasteful,Grains,Rice,4,2025-01-18,2025-03-08,,Wasted
34,Wasteful,Dairy,Cheese,5,2025-01-19,2025-02-02,2025-01-27,Used
34,Wasteful,Meat,Fish,2,2025-01-20,2025-01-22,,Wasted
34,Wasteful,Vegetables,Tomato,4,2025-01-21,2025-01-27,,Wasted
34,Wasteful,Vegetables,Potato,4,2025-01-22,2025-02-05,,Wasted
34,Wasteful,Grains,Rice,3,2025-01-23,2025-03-03,2025-02-25,Used
34,Wasteful,Vegetables,Tomato,1,2025-01-24,2025-01-31,2025-01-25,Used
34,Wasteful,Vegetables,Tomato,5,2025-01-25,2025-02-01,,Wasted
34,Wasteful,Grains,Rice,5,2025-01-26,2025-03-18,,Wasted
34,Wasteful,Vegetables,Potato,3,2025-01-27,2025-02-09,,Wasted
34,Wasteful,Fruits,Apple,4,2025-01-28,2025-02-04,,Wasted
34,Wasteful,Dairy,Cheese,4,2025-01-29,2025-02-05,,Wasted
34,Wasteful,Vegetables,Tomato,1,2025-01-30,2025-02-05,,Wasted
35,Average,Fruits,Apple,2,2025-01-01,2025-01-09,2025-01-01,Used
35,Average,Meat,Fish,4,2025-01-02,2025-01-04,2025-01-02,Used
35,Average,Vegetables,Potato,5,2025-01-03,2025-01-20,2025-01-20,Used
35,Average,Grains,Wheat,3,2025-01-04,2025-03-15,2025-02-02,Used
35,Average,Vegetables,Potato,1,2025-01-05,2025-01-25,2025-01-08,Used
35,Average,Vegetables,Tomato,1,2025-01-06,2025-01-13,2025-01-10,Used
35,Average,Meat,Chicken,4,2025-01-07,2025-01-09,2025-01-07,Used
35,Average,Grains,Rice,5,2025-01-08,2025-02-11,2025-01-13,Used
35,Average,Fruits,Apple,4,2025-01-09,2025-01-22,2025-01-13,Used
35,Average,Vegetables,Tomato,4,2025-01-10,2025-01-15,2025-01-10,Used
35,Average,Dairy,Cheese,3,2025-01-11,2025-01-20,2025-01-13,Used
35,Average,Grains,Rice,1,2025-01-12,2025-02-25,,Wasted
35,Average,Meat,Chicken,5,2025-01-13,2025-01-16,,Wasted
35,Average,Vegetables,Tomato,3,2025-01-14,2025-01-20,,Wasted
35,Average,Grains,Wheat,4,2025-01-15,2025-02-21,,Wasted
35,Average,Grains,Wheat,5,2025-01-16,2025-04-13,2025-04-03,Used
35,Average,Fruits,Apple,2,2025-01-17,2025-01-29,2025-01-24,Used
35,Average,Fruits,Apple,2,2025-01-18,2025-01-30,2025-01-30,Used
35,Average,Vegetables,Tomato,5,2025-01-19,2025-01-22,2025-01-19,Used
35,Average,Dairy,Cheese,5,2025-01-20,2025-01-27,,Wasted
35,Average,Vegetables,Potato,5,2025-01-21,2025-02-10,2025-02-05,Used
35,Average,Meat,Chicken,5,2025-01-22,2025-01-24,2025-01-23,Used
35,Average,Meat,Chicken,2,2025-01-23,2025-01-26,2025-01-23,Used
35,Average,Vegetables,Potato,2,2025-01-24,2025-02-12,2025-01-28,Used
35,Average,Fruits,Apple,2,2025-01-25,2025-02-04,,Wasted
35,Average,Meat,Chicken,2,2025-01-26,2025-01-29,,Wasted
35,Average,Meat,Chicken,3,2025-01-27,2025-01-29,2025-01-28,Used
35,Average,Meat,Chicken,3,2025-01-28,2025-01-31,2025-01-29,Used
35,Average,Dairy,Milk,1,2025-01-29,2025-02-03,,Wasted
35,Average,Grains,Rice,4,2025-01-30,2025-03-04,2025-02-18,Used
36,Wasteful,Grains,Rice,5,2025-01-01,2025-02-11,,Wasted
36,Wasteful,Grains,Rice,2,2025-01-02,2025-02-20,,Wasted
36,Wasteful,Dairy,Milk,3,2025-01-03,2025-01-07,,Wasted
36,Wasteful,Meat,Chicken,3,2025-01-04,2025-01-06,,Wasted
36,Wasteful,Meat,Chicken,2,2025-01-05,2025-01-08,2025-01-05,Used
36,Wasteful,Meat,Chicken,2,2025-01-06,2025-01-08,,Wasted
36,Wasteful,Grains,Wheat,2,2025-01-07,2025-03-10,2025-01-30,Used
36,Wasteful,Vegetables,Tomato,1,2025-01-08,2025-01-12,2025-01-11,Used
36,Wasteful,Dairy,Milk,4,2025-01-09,2025-01-14,2025-01-09,Used
36,Wasteful,Meat,Fish,3,2025-01-10,2025-01-12,2025-01-11,Used
36,Wasteful,Grains,Wheat,2,2025-01-11,2025-02-22,,Wasted
36,Wasteful,Dairy,Cheese,4,2025-01-12,2025-01-19,2025-01-12,Used
36,Wasteful,Dairy,Milk,2,2025-01-13,2025-01-16,2025-01-15,Used
36,Wasteful,Fruits,Apple,2,2025-01-14,2025-01-22,,Wasted
36,Wasteful,Vegetables,Potato,3,2025-01-15,2025-02-01,2025-01-19,Used
36,Wasteful,Fruits,Apple,4,2025-01-16,2025-01-28,,Wasted
36,Wasteful,Grains,Wheat,1,2025-01-17,2025-03-20,2025-02-06,Used
36,Wasteful,Fruits,Banana,2,2025-01-18,2025-01-20,,Wasted
36,Wasteful,Fruits,Apple,5,2025-01-19,2025-01-27,,Wasted
36,Wasteful,Grains,Wheat,2,2025-01-20,2025-02-28,,Wasted
36,Wasteful,Fruits,Banana,4,2025-01-21,2025-01-24,2025-01-24,Used
36,Wasteful,Fruits,Banana,4,2025-01-22,2025-01-27,,Wasted
36,Wasteful,Grains,Rice,1,2025-01-23,2025-03-04,,Wasted
36,Wasteful,Grains,Wheat,5,2025-01-24,2025-02-27,,Wasted
36,Wasteful,Grains,Rice,3,2025-01-25,2025-03-05,2025-02-01,Used
36,Wasteful,Dairy,Milk,3,2025-01-26,2025-01-29,,Wasted
36,Wasteful,Grains,Rice,4,2025-01-27,2025-03-02,2025-02-07,Used
36,Wasteful,Vegetables,Potato,5,2025-01-28,2025-02-10,,Wasted
36,Wasteful,Dairy,Cheese,1,2025-01-29,2025-02-12,,Wasted
36,Wasteful,Dairy,Milk,3,2025-01-30,2025-02-03,2025-02-01,Used
37,Careful,Fruits,Banana,5,2025-01-01,2025-01-04,2025-01-01,Used
37,Careful,Meat,Chicken,2,2025-01-02,2025-01-05,2025-01-04,Used
37,Careful,Fruits,Banana,3,2025-01-03,2025-01-06,2025-01-06,Used
37,Careful,Fruits,Apple,4,2025-01-04,2025-01-18,2025-01-04,Used
37,Careful,Vegetables,Tomato,3,2025-01-05,2025-01-09,2025-01-06,Used
37,Careful,Grains,Rice,4,2025-01-06,2025-03-02,2025-03-02,Used
37,Careful,Vegetables,Potato,1,2025-01-07,2025-01-19,2025-01-19,Used
37,Careful,Meat,Fish,1,2025-01-08,2025-01-09,2025-01-08,Used
37,Careful,Meat,Fish,2,2025-01-09,2025-01-10,2025-01-10,Used
37,Careful,Dairy,Milk,4,2025-01-10,2025-01-14,2025-01-14,Used
37,Careful,Dairy,Milk,4,2025-01-11,2025-01-14,2025-01-13,Used
37,Careful,Fruits,Apple,2,2025-01-12,2025-01-22,2025-01-17,Used
37,Careful,Meat,Chicken,1,2025-01-13,2025-01-16,2025-01-14,Used
37,Careful,Fruits,Banana,4,2025-01-14,2025-01-16,2025-01-14,Used
37,Careful,Meat,Chicken,4,2025-01-15,2025-01-17,2025-01-17,Used
37,Careful,Vegetables,Potato,4,2025-01-16,2025-02-03,2025-01-29,Used
37,Careful,Fruits,Banana,1,2025-01-17,2025-01-21,,Wasted
37,Careful,Dairy,Cheese,5,2025-01-18,2025-02-01,2025-01-26,Used
37,Careful,Grains,Wheat,2,2025-01-19,2025-03-20,2025-03-12,Used
37,Careful,Vegetables,Potato,3,2025-01-20,2025-02-07,2025-01-26,Used
37,Careful,Dairy,Cheese,5,2025-01-21,2025-01-31,2025-01-24,Used
37,Careful,Grains,Rice,2,2025-01-22,2025-03-17,2025-03-17,Used
37,Careful,Vegetables,Potato,5,2025-01-23,2025-02-07,2025-01-31,Used
37,Careful,Grains,Wheat,1,2025-01-24,2025-04-12,2025-02-21,Used
37,Careful,Fruits,Apple,3,2025-01-25,2025-02-04,2025-01-27,Used
37,Careful,Dairy,Cheese,1,2025-01-26,2025-02-02,,Wasted
37,Careful,Vegetables,Potato,4,2025-01-27,2025-02-13,2025-01-27,Used
37,Careful,Meat,Fish,3,2025-01-28,2025-01-29,2025-01-28,Used
37,Careful,Dairy,Milk,2,2025-01-29,2025-02-01,2025-01-29,Used
37,Careful,Vegetables,Potato,3,2025-01-30,2025-02-15,,Wasted
38,Careful,Grains,Rice,1,2025-01-01,2025-02-06,2025-01-20,Used
38,Careful,Vegetables,Potato,3,2025-01-02,2025-01-18,2025-01-05,Used
38,Careful,Meat,Fish,5,2025-01-03,2025-01-05,2025-01-04,Used
38,Careful,Vegetables,Tomato,2,2025-01-04,2025-01-10,2025-01-06,Used
38,Careful,Vegetables,Tomato,2,2025-01-05,2025-01-09,2025-01-06,Used
38,Careful,Dairy,Cheese,2,2025-01-06,2025-01-13,2025-01-12,Used
38,Careful,Meat,Chicken,5,2025-01-07,2025-01-09,2025-01-07,Used
38,Careful,Dairy,Cheese,4,2025-01-08,2025-01-21,2025-01-18,Used
38,Careful,Grains,Wheat,3,2025-01-09,2025-03-11,,Wasted
38,Careful,Grains,Rice,2,2025-01-10,2025-02-18,,Wasted
38,Careful,Meat,Fish,4,2025-01-11,2025-01-12,2025-01-12,Used
38,Careful,Fruits,Banana,1,2025-01-12,2025-01-16,2025-01-16,Used
38,Careful,Grains,Rice,2,2025-01-13,2025-02-25,2025-01-28,Used
38,Careful,Grains,Wheat,3,2025-01-14,2025-03-26,2025-01-22,Used
38,Careful,Grains,Wheat,5,2025-01-15,2025-02-20,2025-01-29,Used
38,Careful,Meat,Fish,4,2025-01-16,2025-01-17,2025-01-17,Used
38,Careful,Fruits,Banana,4,2025-01-17,2025-01-21,2025-01-19,Used
38,Careful,Dairy,Milk,1,2025-01-18,2025-01-22,2025-01-21,Used
38,Careful,Vegetables,Tomato,3,2025-01-19,2025-01-24,,Wasted
38,Careful,Vegetables,Tomato,5,2025-01-20,2025-01-25,2025-01-25,Used
38,Careful,Meat,Fish,2,2025-01-21,2025-01-23,2025-01-22,Used
38,Careful,Fruits,Apple,2,2025-01-22,2025-02-01,2025-02-01,Used
38,Careful,Meat,Chicken,3,2025-01-23,2025-01-26,2025-01-24,Used
38,Careful,Dairy,Cheese,1,2025-01-24,2025-02-07,2025-02-02,Used
38,Careful,Grains,Wheat,1,2025-01-25,2025-03-02,2025-02-12,Used
38,Careful,Grains,Rice,1,2025-01-26,2025-03-25,2025-02-28,Used
38,Careful,Vegetables,Potato,4,2025-01-27,2025-02-08,2025-01-30,Used
38,Careful,Vegetables,Tomato,5,2025-01-28,2025-02-04,2025-02-03,Used
38,Careful,Grains,Wheat,1,2025-01-29,2025-04-05,2025-03-23,Used
38,Careful,Meat,Fish,3,2025-01-30,2025-01-31,2025-01-31,Used
39,Wasteful,Vegetables,Tomato,5,2025-01-01,2025-01-06,,Wasted
39,Wasteful,Meat,Fish,2,2025-01-02,2025-01-03,,Wasted
39,Wasteful,Fruits,Apple,2,2025-01-03,2025-01-13,,Wasted
39,Wasteful,Vegetables,Potato,2,2025-01-04,2025-01-21,,Wasted
39,Wasteful,Fruits,Apple,2,2025-01-05,2025-01-18,2025-01-05,Used
39,Wasteful,Meat,Chicken,3,2025-01-06,2025-01-09,,Wasted
39,Wasteful,Grains,Rice,5,2025-01-07,2025-03-03,,Wasted
39,Wasteful,Fruits,Banana,3,2025-01-08,2025-01-13,2025-01-10,Used
39,Wasteful,Fruits,Apple,5,2025-01-09,2025-01-17,,Wasted
39,Wasteful,Dairy,Cheese,2,2025-01-10,2025-01-17,,Wasted
39,Wasteful,Fruits,Apple,4,2025-01-11,2025-01-24,2025-01-16,Used
39,Wasteful,Vegetables,Potato,5,2025-01-12,2025-01-22,2025-01-22,Used
39,Wasteful,Meat,Chicken,3,2025-01-13,2025-01-16,2025-01-15,Used
39,Wasteful,Vegetables,Tomato,5,2025-01-14,2025-01-21,2025-01-20,Used
39,Wasteful,Fruits,Banana,3,2025-01-15,2025-01-19,,Wasted
39,Wasteful,Vegetables,Potato,2,2025-01-16,2025-02-01,2025-01-22,Used
39,Wasteful,Fruits,Apple,2,2025-01-17,2025-01-31,2025-01-18,Used
39,Wasteful,Vegetables,Potato,4,2025-01-18,2025-02-06,,Wasted
39,Wasteful,Vegetables,Tomato,1,2025-01-19,2025-01-25,,Wasted
39,Wasteful,Meat,Fish,1,2025-01-20,2025-01-22,,Wasted
39,Wasteful,Dairy,Cheese,2,2025-01-21,2025-02-02,,Wasted
39,Wasteful,Dairy,Cheese,3,2025-01-22,2025-02-04,,Wasted
39,Wasteful,Vegetables,Tomato,4,2025-01-23,2025-01-29,2025-01-23,Used
39,Wasteful,Meat,Fish,5,2025-01-24,2025-01-25,,Wasted
39,Wasteful,Fruits,Apple,3,2025-01-25,2025-02-02,,Wasted
39,Wasteful,Dairy,Milk,1,2025-01-26,2025-01-29,,Wasted
39,Wasteful,Meat,Chicken,4,2025-01-27,2025-01-29,2025-01-28,Used
39,Wasteful,Meat,Chicken,4,2025-01-28,2025-01-30,,Wasted
39,Wasteful,Vegetables,Potato,1,2025-01-29,2025-02-08,,Wasted
39,Wasteful,Dairy,Cheese,1,2025-01-30,2025-02-10,,Wasted
40,Average,Meat,Chicken,1,2025-01-01,2025-01-04,2025-01-01,Used
40,Average,Meat,Chicken,4,2025-01-02,2025-01-05,2025-01-02,Used
40,Average,Meat,Fish,4,2025-01-03,2025-01-05,,Wasted
40,Average,Meat,Fish,1,2025-01-04,2025-01-05,,Wasted
40,Average,Vegetables,Potato,1,2025-01-05,2025-01-25,,Wasted
40,Average,Fruits,Banana,1,2025-01-06,2025-01-08,2025-01-06,Used
40,Average,Grains,Rice,2,2025-01-07,2025-02-07,2025-01-23,Used
40,Average,Vegetables,Tomato,4,2025-01-08,2025-01-15,2025-01-10,Used
40,Average,Meat,Fish,5,2025-01-09,2025-01-10,2025-01-10,Used
40,Average,Meat,Fish,5,2025-01-10,2025-01-12,,Wasted
40,Average,Vegetables,Tomato,2,2025-01-11,2025-01-16,2025-01-12,Used
40,Average,Vegetables,Tomato,3,2025-01-12,2025-01-18,2025-01-16,Used
40,Average,Vegetables,Tomato,3,2025-01-13,2025-01-19,2025-01-16,Used
40,Average,Dairy,Milk,4,2025-01-14,2025-01-19,2025-01-16,Used
40,Average,Grains,Rice,2,2025-01-15,2025-03-16,2025-01-15,Used
40,Average,Fruits,Apple,5,2025-01-16,2025-01-25,2025-01-22,Used
40,Average,Vegetables,Tomato,5,2025-01-17,2025-01-21,,Wasted
40,Average,Dairy,Cheese,2,2025-01-18,2025-01-25,2025-01-22,Used
40,Average,Meat,Chicken,1,2025-01-19,2025-01-22,2025-01-19,Used
40,Average,Grains,Rice,2,2025-01-20,2025-02-22,2025-02-12,Used
40,Average,Vegetables,Potato,1,2025-01-21,2025-02-10,2025-02-01,Used
40,Average,Meat,Fish,3,2025-01-22,2025-01-23,2025-01-22,Used
40,Average,Dairy,Cheese,1,2025-01-23,2025-02-02,2025-01-26,Used
40,Average,Dairy,Milk,4,2025-01-24,2025-01-29,2025-01-29,Used
40,Average,Vegetables,Tomato,3,2025-01-25,2025-01-31,,Wasted
40,Average,Meat,Chicken,4,2025-01-26,2025-01-29,,Wasted
40,Average,Fruits,Apple,2,2025-01-27,2025-02-10,,Wasted
40,Average,Meat,Chicken,4,2025-01-28,2025-01-30,2025-01-30,Used
40,Average,Meat,Chicken,1,2025-01-29,2025-01-31,2025-01-31,Used
40,Average,Grains,Wheat,4,2025-01-30,2025-04-13,,Wasted
41,Average,Dairy,Milk,1,2025-01-01,2025-01-04,2025-01-01,Used
41,Average,Vegetables,Tomato,5,2025-01-02,2025-01-08,2025-01-05,Used
41,Average,Grains,Rice,2,2025-01-03,2025-02-23,,Wasted
41,Average,Vegetables,Potato,5,2025-01-04,2025-01-19,2025-01-11,Used
41,Average,Dairy,Cheese,4,2025-01-05,2025-01-12,,Wasted
41,Average,Vegetables,Tomato,4,2025-01-06,2025-01-12,2025-01-11,Used
41,Average,Dairy,Milk,3,2025-01-07,2025-01-12,2025-01-12,Used
41,Average,Meat,Fish,2,2025-01-08,2025-01-09,2025-01-08,Used
41,Average,Dairy,Cheese,2,2025-01-09,2025-01-21,,Wasted
41,Average,Fruits,Apple,1,2025-01-10,2025-01-19,2025-01-19,Used
41,Average,Vegetables,Potato,2,2025-01-11,2025-01-31,2025-01-18,Used
41,Average,Meat,Fish,1,2025-01-12,2025-01-14,,Wasted
41,Average,Grains,Rice,1,2025-01-13,2025-02-16,2025-02-09,Used
41,Average,Meat,Chicken,5,2025-01-14,2025-01-17,2025-01-15,Used
41,Average,Meat,Chicken,3,2025-01-15,2025-01-18,2025-01-17,Used
41,Average,Dairy,Cheese,5,2025-01-16,2025-01-29,,Wasted
41,Average,Dairy,Cheese,1,2025-01-17,2025-01-30,2025-01-29,Used
41,Average,Meat,Fish,5,2025-01-18,2025-01-20,2025-01-18,Used
41,Average,Fruits,Banana,1,2025-01-19,2025-01-22,2025-01-22,Used
41,Average,Vegetables,Potato,3,2025-01-20,2025-02-05,2025-02-05,Used
41,Average,Meat,Fish,4,2025-01-21,2025-01-23,2025-01-21,Used
41,Average,Grains,Wheat,4,2025-01-22,2025-03-04,,Wasted
41,Average,Dairy,Cheese,4,2025-01-23,2025-02-06,,Wasted
41,Average,Fruits,Apple,5,2025-01-24,2025-02-05,2025-02-03,Used
41,Average,Dairy,Milk,2,2025-01-25,2025-01-30,2025-01-30,Used
41,Average,Grains,Rice,3,2025-01-26,2025-03-15,2025-02-20,Used
41,Average,Fruits,Apple,4,2025-01-27,2025-02-03,,Wasted
41,Average,Dairy,Milk,2,2025-01-28,2025-01-31,2025-01-28,Used
41,Average,Meat,Chicken,5,2025-01-29,2025-02-01,,Wasted
41,Average,Meat,Fish,4,2025-01-30,2025-01-31,2025-01-31,Used
42,Wasteful,Meat,Chicken,5,2025-01-01,2025-01-03,2025-01-02,Used
42,Wasteful,Meat,Fish,5,2025-01-02,2025-01-03,,Wasted
42,Wasteful,Dairy,Milk,5,2025-01-03,2025-01-06,2025-01-06,Used
42,Wasteful,Fruits,Banana,1,2025-01-04,2025-01-07,,Wasted
42,Wasteful,Meat,Chicken,1,2025-01-05,2025-01-08,,Wasted
42,Wasteful,Fruits,Apple,5,2025-01-06,2025-01-17,,Wasted
42,Wasteful,Fruits,Banana,3,2025-01-07,2025-01-12,,Wasted
42,Wasteful,Fruits,Apple,4,2025-01-08,2025-01-17,,Wasted
42,Wasteful,Vegetables,Tomato,3,2025-01-09,2025-01-16,,Wasted
42,Wasteful,Fruits,Banana,2,2025-01-10,2025-01-15,2025-01-11,Used
42,Wasteful,Fruits,Banana,1,2025-01-11,2025-01-14,2025-01-11,Used
42,Wasteful,Dairy,Cheese,5,2025-01-12,2025-01-21,2025-01-15,Used
42,Wasteful,Grains,Rice,1,2025-01-13,2025-02-12,,Wasted
42,Wasteful,Dairy,Milk,4,2025-01-14,2025-01-17,,Wasted
42,Wasteful,Dairy,Milk,4,2025-01-15,2025-01-19,2025-01-18,Used
42,Wasteful,Meat,Fish,2,2025-01-16,2025-01-18,,Wasted
42,Wasteful,Dairy,Cheese,3,2025-01-17,2025-01-24,,Wasted
42,Wasteful,Meat,Chicken,2,2025-01-18,2025-01-20,2025-01-18,Used
42,Wasteful,Vegetables,Tomato,5,2025-01-19,2025-01-23,2025-01-22,Used
42,Wasteful,Meat,Fish,4,2025-01-20,2025-01-22,2025-01-21,Used
42,Wasteful,Grains,Rice,1,2025-01-21,2025-03-08,2025-02-27,Used
42,Wasteful,Vegetables,Potato,3,2025-01-22,2025-02-08,2025-02-08,Used
42,Wasteful,Grains,Wheat,1,2025-01-23,2025-04-08,,Wasted
42,Wasteful,Grains,Wheat,4,2025-01-24,2025-04-09,,Wasted
42,Wasteful,Grains,Rice,4,2025-01-25,2025-03-22,,Wasted
42,Wasteful,Dairy,Cheese,1,2025-01-26,2025-02-02,2025-01-30,Used
42,Wasteful,Meat,Chicken,3,2025-01-27,2025-01-29,,Wasted
42,Wasteful,Meat,Fish,5,2025-01-28,2025-01-30,,Wasted
42,Wasteful,Fruits,Apple,3,2025-01-29,2025-02-06,,Wasted
42,Wasteful,Dairy,Cheese,3,2025-01-30,2025-02-07,2025-02-07,Used
43,Average,Fruits,Banana,2,2025-01-01,2025-01-06,2025-01-01,Used
43,Average,Meat,Fish,5,2025-01-02,2025-01-03,2025-01-03,Used
43,Average,Vegetables,Tomato,2,2025-01-03,2025-01-10,2025-01-06,Used
43,Average,Fruits,Apple,5,2025-01-04,2025-01-14,2025-01-12,Used
43,Average,Grains,Rice,4,2025-01-05,2025-02-14,2025-01-10,Used
43,Average,Grains,Wheat,5,2025-01-06,2025-03-16,,Wasted
43,Average,Dairy,Cheese,5,2025-01-07,2025-01-21,2025-01-21,Used
43,Average,Fruits,Apple,2,2025-01-08,2025-01-19,2025-01-15,Used
43,Average,Dairy,Milk,1,2025-01-09,2025-01-12,2025-01-11,Used
43,Average,Dairy,Cheese,4,2025-01-10,2025-01-17,,Wasted
43,Average,Meat,Fish,4,2025-01-11,2025-01-13,2025-01-11,Used
43,Average,Dairy,Cheese,3,2025-01-12,2025-01-24,,Wasted
43,Average,Dairy,Milk,2,2025-01-13,2025-01-18,2025-01-14,Used
43,Average,Meat,Chicken,1,2025-01-14,2025-01-17,2025-01-15,Used
43,Average,Meat,Chicken,2,2025-01-15,2025-01-17,2025-01-17,Used
43,Average,Meat,Fish,1,2025-01-16,2025-01-18,,Wasted
43,Average,Fruits,Banana,2,2025-01-17,2025-01-22,2025-01-21,Used
43,Average,Vegetables,Potato,4,2025-01-18,2025-02-03,2025-01-19,Used
43,Average,Grains,Wheat,3,2025-01-19,2025-04-05,2025-02-02,Used
43,Average,Dairy,Cheese,3,2025-01-20,2025-02-03,,Wasted
43,Average,Fruits,Banana,1,2025-01-21,2025-01-25,,Wasted
43,Average,Grains,Wheat,2,2025-01-22,2025-03-08,2025-02-07,Used
43,Average,Grains,Wheat,1,2025-01-23,2025-03-16,2025-03-16,Used
43,Average,Meat,Chicken,1,2025-01-24,2025-01-26,2025-01-25,Used
43,Average,Meat,Fish,2,2025-01-25,2025-01-26,2025-01-25,Used
43,Average,Meat,Chicken,2,2025-01-26,2025-01-29,2025-01-28,Used
43,Average,Fruits,Apple,1,2025-01-27,2025-02-04,2025-01-27,Used
43,Average,Vegetables,Potato,2,2025-01-28,2025-02-13,2025-02-03,Used
43,Average,Grains,Wheat,3,2025-01-29,2025-04-02,2025-03-25,Used
43,Average,Vegetables,Tomato,2,2025-01-30,2025-02-05,,Wasted
44,Average,Vegetables,Tomato,2,2025-01-01,2025-01-06,,Wasted
44,Average,Grains,Wheat,1,2025-01-02,2025-02-25,2025-01-08,Used
44,Average,Vegetables,Potato,3,2025-01-03,2025-01-13,,Wasted
44,Average,Grains,Rice,4,2025-01-04,2025-02-10,,Wasted
44,Average,Vegetables,Potato,2,2025-01-05,2025-01-21,,Wasted
44,Average,Meat,Fish,1,2025-01-06,2025-01-08,2025-01-07,Used
44,Average,Fruits,Apple,5,2025-01-07,2025-01-19,2025-01-15,Used
44,Average,Dairy,Milk,1,2025-01-08,2025-01-11,,Wasted
44,Average,Fruits,Apple,5,2025-01-09,2025-01-20,2025-01-14,Used
44,Average,Meat,Chicken,2,2025-01-10,2025-01-12,2025-01-10,Used
44,Average,Dairy,Milk,5,2025-01-11,2025-01-15,,Wasted
44,Average,Grains,Rice,1,2025-01-12,2025-02-26,,Wasted
44,Average,Vegetables,Potato,3,2025-01-13,2025-01-30,2025-01-17,Used
44,Average,Vegetables,Tomato,3,2025-01-14,2025-01-17,2025-01-16,Used
44,Average,Vegetables,Potato,3,2025-01-15,2025-02-01,,Wasted
44,Average,Fruits,Apple,5,2025-01-16,2025-01-29,2025-01-17,Used
44,Average,Grains,Rice,1,2025-01-17,2025-03-08,2025-01-21,Used
44,Average,Grains,Rice,2,2025-01-18,2025-02-23,2025-02-19,Used
44,Average,Meat,Chicken,1,2025-01-19,2025-01-22,2025-01-22,Used
44,Average,Meat,Chicken,2,2025-01-20,2025-01-23,2025-01-20,Used
44,Average,Grains,Wheat,5,2025-01-21,2025-03-24,2025-01-27,Used
44,Average,Dairy,Cheese,3,2025-01-22,2025-01-31,2025-01-29,Used
44,Average,Meat,Chicken,5,2025-01-23,2025-01-26,2025-01-24,Used
44,Average,Grains,Wheat,3,2025-01-24,2025-03-04,,Wasted
44,Average,Vegetables,Potato,2,2025-01-25,2025-02-06,2025-01-28,Used
44,Average,Meat,Chicken,1,2025-01-26,2025-01-28,,Wasted
44,Average,Meat,Fish,3,2025-01-27,2025-01-29,2025-01-29,Used
44,Average,Meat,Chicken,4,2025-01-28,2025-01-30,2025-01-28,Used
44,Average,Fruits,Banana,1,2025-01-29,2025-01-31,2025-01-30,Used
44,Average,Meat,Fish,5,2025-01-30,2025-01-31,2025-01-30,Used
45,Careful,Vegetables,Tomato,2,2025-01-01,2025-01-04,2025-01-02,Used
45,Careful,Fruits,Banana,3,2025-01-02,2025-01-07,2025-01-06,Used
45,Careful,Fruits,Apple,2,2025-01-03,2025-01-10,2025-01-04,Used
45,Careful,Grains,Rice,2,2025-01-04,2025-02-11,2025-01-23,Used
45,Careful,Fruits,Apple,3,2025-01-05,2025-01-17,2025-01-11,Used
45,Careful,Dairy,Milk,1,2025-01-06,2025-01-09,,Wasted
45,Careful,Meat,Fish,3,2025-01-07,2025-01-09,2025-01-08,Used
45,Careful,Grains,Wheat,1,2025-01-08,2025-03-16,2025-02-15,Used
45,Careful,Meat,Fish,3,2025-01-09,2025-01-10,2025-01-09,Used
45,Careful,Fruits,Apple,3,2025-01-10,2025-01-17,2025-01-17,Used
45,Careful,Meat,Fish,3,2025-01-11,2025-01-12,2025-01-11,Used
45,Careful,Grains,Wheat,4,2025-01-12,2025-04-02,2025-02-01,Used
45,Careful,Dairy,Milk,1,2025-01-13,2025-01-16,2025-01-13,Used
45,Careful,Dairy,Cheese,2,2025-01-14,2025-01-27,2025-01-14,Used
45,Careful,Vegetables,Potato,3,2025-01-15,2025-01-27,2025-01-27,Used
45,Careful,Dairy,Milk,3,2025-01-16,2025-01-19,,Wasted
45,Careful,Meat,Chicken,2,2025-01-17,2025-01-19,2025-01-19,Used
45,Careful,Grains,Wheat,2,2025-01-18,2025-03-30,2025-02-24,Used
45,Careful,Dairy,Milk,2,2025-01-19,2025-01-22,2025-01-22,Used
45,Careful,Vegetables,Potato,1,2025-01-20,2025-02-06,2025-01-31,Used
45,Careful,Dairy,Cheese,2,2025-01-21,2025-01-30,2025-01-22,Used
45,Careful,Grains,Wheat,1,2025-01-22,2025-03-23,,Wasted
45,Careful,Vegetables,Tomato,1,2025-01-23,2025-01-28,2025-01-25,Used
45,Careful,Vegetables,Potato,2,2025-01-24,2025-02-05,2025-01-28,Used
45,Careful,Vegetables,Potato,1,2025-01-25,2025-02-12,,Wasted
45,Careful,Vegetables,Potato,5,2025-01-26,2025-02-07,2025-01-28,Used
45,Careful,Grains,Rice,1,2025-01-27,2025-03-16,2025-01-28,Used
45,Careful,Grains,Rice,5,2025-01-28,2025-03-25,2025-02-15,Used
45,Careful,Fruits,Banana,1,2025-01-29,2025-02-03,2025-01-31,Used
45,Careful,Fruits,Banana,5,2025-01-30,2025-02-01,2025-01-31,Used
46,Average,Fruits,Apple,3,2025-01-01,2025-01-11,2025-01-11,Used
46,Average,Vegetables,Tomato,2,2025-01-02,2025-01-08,2025-01-02,Used
46,Average,Fruits,Banana,4,2025-01-03,2025-01-07,,Wasted
46,Average,Fruits,Apple,2,2025-01-04,2025-01-13,2025-01-10,Used
46,Average,Vegetables,Potato,5,2025-01-05,2025-01-15,,Wasted
46,Average,Meat,Fish,3,2025-01-06,2025-01-07,2025-01-06,Used
46,Average,Fruits,Apple,5,2025-01-07,2025-01-14,2025-01-08,Used
46,Average,Dairy,Milk,4,2025-01-08,2025-01-11,2025-01-10,Used
46,Average,Meat,Fish,4,2025-01-09,2025-01-10,,Wasted
46,Average,Grains,Wheat,3,2025-01-10,2025-03-20,,Wasted
46,Average,Vegetables,Potato,4,2025-01-11,2025-01-25,2025-01-16,Used
46,Average,Grains,Rice,1,2025-01-12,2025-02-27,,Wasted
46,Average,Dairy,Cheese,1,2025-01-13,2025-01-25,,Wasted
46,Average,Grains,Rice,4,2025-01-14,2025-03-06,,Wasted
46,Average,Dairy,Cheese,5,2025-01-15,2025-01-25,2025-01-22,Used
46,Average,Grains,Rice,5,2025-01-16,2025-03-16,2025-02-06,Used
46,Average,Grains,Wheat,5,2025-01-17,2025-03-08,,Wasted
46,Average,Dairy,Cheese,1,2025-01-18,2025-01-25,2025-01-23,Used
46,Average,Meat,Fish,1,2025-01-19,2025-01-21,2025-01-19,Used
46,Average,Dairy,Cheese,3,2025-01-20,2025-01-28,2025-01-20,Used
46,Average,Dairy,Milk,5,2025-01-21,2025-01-24,,Wasted
46,Average,Meat,Fish,1,2025-01-22,2025-01-24,,Wasted
46,Average,Vegetables,Potato,3,2025-01-23,2025-02-02,2025-01-31,Used
46,Average,Meat,Fish,1,2025-01-24,2025-01-26,,Wasted
46,Average,Meat,Chicken,5,2025-01-25,2025-01-28,,Wasted
46,Average,Vegetables,Tomato,1,2025-01-26,2025-02-01,2025-01-30,Used
46,Average,Vegetables,Potato,2,2025-01-27,2025-02-15,2025-02-11,Used
46,Average,Vegetables,Potato,2,2025-01-28,2025-02-14,2025-02-13,Used
46,Average,Dairy,Cheese,2,2025-01-29,2025-02-07,2025-02-01,Used
46,Average,Dairy,Cheese,3,2025-01-30,2025-02-07,,Wasted
47,Careful,Dairy,Milk,2,2025-01-01,2025-01-05,2025-01-03,Used
47,Careful,Vegetables,Potato,3,2025-01-02,2025-01-14,2025-01-09,Used
47,Careful,Fruits,Banana,4,2025-01-03,2025-01-06,2025-01-05,Used
47,Careful,Fruits,Banana,2,2025-01-04,2025-01-07,2025-01-04,Used
47,Careful,Grains,Wheat,3,2025-01-05,2025-03-05,2025-03-03,Used
47,Careful,Dairy,Milk,3,2025-01-06,2025-01-10,2025-01-07,Used
47,Careful,Meat,Chicken,1,2025-01-07,2025-01-10,2025-01-08,Used
47,Careful,Dairy,Milk,1,2025-01-08,2025-01-11,2025-01-09,Used
47,Careful,Dairy,Cheese,3,2025-01-09,2025-01-20,2025-01-10,Used
47,Careful,Vegetables,Potato,2,2025-01-10,2025-01-30,2025-01-30,Used
47,Careful,Grains,Rice,4,2025-01-11,2025-02-24,2025-01-19,Used
47,Careful,Meat,Chicken,2,2025-01-12,2025-01-14,2025-01-14,Used
47,Careful,Fruits,Apple,3,2025-01-13,2025-01-22,2025-01-16,Used
47,Careful,Fruits,Apple,2,2025-01-14,2025-01-24,2025-01-14,Used
47,Careful,Fruits,Banana,4,2025-01-15,2025-01-19,2025-01-16,Used
47,Careful,Fruits,Apple,3,2025-01-16,2025-01-28,2025-01-21,Used
47,Careful,Meat,Fish,5,2025-01-17,2025-01-18,2025-01-18,Used
47,Careful,Grains,Rice,4,2025-01-18,2025-03-14,2025-01-26,Used
47,Careful,Fruits,Apple,3,2025-01-19,2025-01-30,2025-01-30,Used
47,Careful,Fruits,Apple,1,2025-01-20,2025-02-01,2025-01-23,Used
47,Careful,Meat,Chicken,2,2025-01-21,2025-01-24,2025-01-23,Used
47,Careful,Meat,Fish,5,2025-01-22,2025-01-23,,Wasted
47,Careful,Vegetables,Tomato,1,2025-01-23,2025-01-29,2025-01-24,Used
47,Careful,Meat,Chicken,5,2025-01-24,2025-01-26,2025-01-24,Used
47,Careful,Fruits,Apple,4,2025-01-25,2025-02-08,2025-02-01,Used
47,Careful,Meat,Fish,3,2025-01-26,2025-01-28,2025-01-28,Used
47,Careful,Fruits,Apple,4,2025-01-27,2025-02-10,2025-01-31,Used
47,Careful,Fruits,Banana,3,2025-01-28,2025-02-02,,Wasted
47,Careful,Vegetables,Tomato,1,2025-01-29,2025-02-03,2025-02-02,Used
47,Careful,Fruits,Banana,4,2025-01-30,2025-02-04,2025-02-01,Used
48,Wasteful,Meat,Chicken,3,2025-01-01,2025-01-04,2025-01-02,Used
48,Wasteful,Vegetables,Potato,2,2025-01-02,2025-01-14,,Wasted
48,Wasteful,Dairy,Cheese,5,2025-01-03,2025-01-16,,Wasted
48,Wasteful,Fruits,Banana,3,2025-01-04,2025-01-08,2025-01-08,Used
48,Wasteful,Dairy,Milk,3,2025-01-05,2025-01-10,,Wasted
48,Wasteful,Vegetables,Potato,4,2025-01-06,2025-01-26,,Wasted
48,Wasteful,Meat,Chicken,2,2025-01-07,2025-01-09,,Wasted
48,Wasteful,Fruits,Apple,5,2025-01-08,2025-01-20,,Wasted
48,Wasteful,Meat,Fish,1,2025-01-09,2025-01-10,2025-01-10,Used
48,Wasteful,Meat,Fish,5,2025-01-10,2025-01-12,2025-01-12,Used
48,Wasteful,Meat,Chicken,1,2025-01-11,2025-01-13,,Wasted
48,Wasteful,Fruits,Apple,1,2025-01-12,2025-01-21,,Wasted
48,Wasteful,Vegetables,Potato,2,2025-01-13,2025-01-23,,Wasted
48,Wasteful,Grains,Wheat,4,2025-01-14,2025-03-16,2025-03-12,Used
48,Wasteful,Meat,Fish,3,2025-01-15,2025-01-17,,Wasted
48,Wasteful,Dairy,Milk,1,2025-01-16,2025-01-20,2025-01-17,Used
48,Wasteful,Fruits,Apple,4,2025-01-17,2025-01-30,,Wasted
48,Wasteful,Meat,Chicken,1,2025-01-18,2025-01-20,2025-01-19,Used
48,Wasteful,Vegetables,Tomato,4,2025-01-19,2025-01-26,,Wasted
48,Wasteful,Dairy,Milk,4,2025-01-20,2025-01-25,,Wasted
48,Wasteful,Meat,Fish,2,2025-01-21,2025-01-23,2025-01-21,Used
48,Wasteful,Vegetables,Tomato,1,2025-01-22,2025-01-25,2025-01-25,Used
48,Wasteful,Fruits,Apple,4,2025-01-23,2025-01-30,2025-01-29,Used
48,Wasteful,Meat,Fish,2,2025-01-24,2025-01-26,,Wasted
48,Wasteful,Vegetables,Potato,4,2025-01-25,2025-02-13,,Wasted
48,Wasteful,Dairy,Milk,5,2025-01-26,2025-01-29,,Wasted
48,Wasteful,Vegetables,Potato,5,2025-01-27,2025-02-12,2025-02-07,Used
48,Wasteful,Dairy,Milk,2,2025-01-28,2025-02-02,,Wasted
48,Wasteful,Meat,Chicken,5,2025-01-29,2025-01-31,,Wasted
48,Wasteful,Fruits,Apple,3,2025-01-30,2025-02-06,,Wasted
49,Wasteful,Vegetables,Tomato,1,2025-01-01,2025-01-06,2025-01-06,Used
49,Wasteful,Grains,Rice,4,2025-01-02,2025-02-18,,Wasted
49,Wasteful,Fruits,Apple,1,2025-01-03,2025-01-10,2025-01-06,Used
49,Wasteful,Fruits,Banana,2,2025-01-04,2025-01-08,,Wasted
49,Wasteful,Grains,Wheat,4,2025-01-05,2025-03-16,,Wasted
49,Wasteful,Vegetables,Tomato,1,2025-01-06,2025-01-11,2025-01-08,Used
49,Wasteful,Vegetables,Tomato,1,2025-01-07,2025-01-13,2025-01-07,Used
49,Wasteful,Vegetables,Potato,2,2025-01-08,2025-01-27,2025-01-20,Used
49,Wasteful,Vegetables,Potato,2,2025-01-09,2025-01-23,,Wasted
49,Wasteful,Dairy,Milk,2,2025-01-10,2025-01-14,2025-01-11,Used
49,Wasteful,Dairy,Milk,4,2025-01-11,2025-01-16,,Wasted
49,Wasteful,Fruits,Apple,4,2025-01-12,2025-01-26,,Wasted
49,Wasteful,Vegetables,Potato,4,2025-01-13,2025-02-01,,Wasted
49,Wasteful,Grains,Wheat,1,2025-01-14,2025-03-30,2025-02-28,Used
49,Wasteful,Fruits,Apple,1,2025-01-15,2025-01-27,2025-01-22,Used
49,Wasteful,Fruits,Apple,3,2025-01-16,2025-01-24,,Wasted
49,Wasteful,Meat,Chicken,3,2025-01-17,2025-01-19,,Wasted
49,Wasteful,Grains,Rice,5,2025-01-18,2025-02-28,2025-01-26,Used
49,Wasteful,Meat,Chicken,2,2025-01-19,2025-01-22,2025-01-22,Used
49,Wasteful,Dairy,Cheese,1,2025-01-20,2025-02-01,,Wasted
49,Wasteful,Grains,Wheat,4,2025-01-21,2025-03-11,2025-01-26,Used
49,Wasteful,Dairy,Cheese,4,2025-01-22,2025-02-01,,Wasted
49,Wasteful,Grains,Wheat,3,2025-01-23,2025-02-25,,Wasted
49,Wasteful,Fruits,Apple,3,2025-01-24,2025-02-02,,Wasted
49,Wasteful,Fruits,Apple,3,2025-01-25,2025-02-03,2025-01-28,Used
49,Wasteful,Dairy,Milk,1,2025-01-26,2025-01-31,2025-01-26,Used
49,Wasteful,Meat,Fish,3,2025-01-27,2025-01-28,,Wasted
49,Wasteful,Fruits,Apple,4,2025-01-28,2025-02-09,2025-02-03,Used
49,Wasteful,Meat,Fish,2,2025-01-29,2025-01-31,,Wasted
49,Wasteful,Vegetables,Tomato,2,2025-01-30,2025-02-06,2025-02-04,Used
50,Wasteful,Dairy,Cheese,1,2025-01-01,2025-01-10,,Wasted
50,Wasteful,Meat,Fish,4,2025-01-02,2025-01-03,2025-01-02,Used
50,Wasteful,Grains,Wheat,5,2025-01-03,2025-03-25,,Wasted
50,Wasteful,Fruits,Banana,4,2025-01-04,2025-01-06,,Wasted
50,Wasteful,Fruits,Apple,2,2025-01-05,2025-01-12,2025-01-12,Used
50,Wasteful,Vegetables,Tomato,3,2025-01-06,2025-01-10,2025-01-08,Used
50,Wasteful,Meat,Chicken,1,2025-01-07,2025-01-09,,Wasted
50,Wasteful,Fruits,Banana,3,2025-01-08,2025-01-12,2025-01-11,Used
50,Wasteful,Fruits,Apple,4,2025-01-09,2025-01-18,2025-01-15,Used
50,Wasteful,Fruits,Banana,5,2025-01-10,2025-01-12,,Wasted
50,Wasteful,Meat,Chicken,2,2025-01-11,2025-01-14,2025-01-13,Used
50,Wasteful,Grains,Wheat,3,2025-01-12,2025-02-27,,Wasted
50,Wasteful,Dairy,Milk,3,2025-01-13,2025-01-17,,Wasted
50,Wasteful,Dairy,Cheese,4,2025-01-14,2025-01-28,2025-01-23,Used
50,Wasteful,Dairy,Cheese,3,2025-01-15,2025-01-24,,Wasted
50,Wasteful,Grains,Wheat,4,2025-01-16,2025-03-29,,Wasted
50,Wasteful,Grains,Rice,1,2025-01-17,2025-02-27,2025-02-01,Used
50,Wasteful,Grains,Rice,3,2025-01-18,2025-03-14,2025-02-02,Used
50,Wasteful,Vegetables,Potato,1,2025-01-19,2025-02-02,2025-01-19,Used
50,Wasteful,Dairy,Cheese,3,2025-01-20,2025-02-02,2025-01-21,Used
50,Wasteful,Vegetables,Potato,3,2025-01-21,2025-02-08,2025-01-29,Used
50,Wasteful,Fruits,Banana,4,2025-01-22,2025-01-27,2025-01-26,Used
50,Wasteful,Meat,Chicken,1,2025-01-23,2025-01-25,2025-01-25,Used
50,Wasteful,Fruits,Banana,4,2025-01-24,2025-01-29,,Wasted
50,Wasteful,Grains,Rice,2,2025-01-25,2025-03-03,,Wasted
50,Wasteful,Vegetables,Potato,2,2025-01-26,2025-02-13,2025-02-01,Used
50,Wasteful,Dairy,Cheese,3,2025-01-27,2025-02-09,,Wasted
50,Wasteful,Fruits,Apple,4,2025-01-28,2025-02-08,2025-02-06,Used
50,Wasteful,Dairy,Milk,3,2025-01-29,2025-02-03,,Wasted
50,Wasteful,Fruits,Apple,3,2025-01-30,2025-02-08,2025-02-03,Used
